DATE,APPEARANCE,ACCOMPANY,,,,
2019.03.28,3.27 제5차 중대장·중대정치지도원대회 참가자들과 기념촬영,"리명수,김수길,리영길,노광철",,,,
2019.03.27,3.25∼26 제5차 중대장·중대정치지도원대회 지도,"리명수,김수길,리영길,노광철",,,,
2019.03.10,3.10 최고인민회의 제14기 대의원선거 참가,,,,,
2019.03.03,"3.2 호치민 주석 묘 참배, 영웅열사추모비 헌화","김영철,리수용,김평해,오수용,리용호,노광철,김여정,최선희",,,,
2019.03.02,"3.1 베트남 국가주석과 상봉·정상회담, 베트남 총리 및 국회의장과 상봉·면담, 만찬연회 참석","김영철,리수용,김평해,오수용,리용호,노광철,김여정,최선희,김명길",,,,
2019.02.28,2.27~28 제2차 조미수뇌상봉과 회담,"김영철,리수용,김평해,오수용,리용호,노광철,김여정,최선희",,,,
2019.02.27,2.26 베트남 주재 북한대사관 방문,"김영철,리수용,김평해,오수용,리용호,김여정,김성남,조용원",,,,
2019.02.16,2.16 &apos;광명성절&apos; 즈음 금수산태양궁전 방문,"최룡해,리만건,김여정,리영식",,,,
2019.02.09,2.8 조선인민군 창건 71주년 계기 인민무력성 축하방문 및 경축공연 관람,"리명수,김수길,리영길,노광철,최룡해,리수용,김평해,태종수,오수용,김영철",,,,
2019.01.31,｢보도일 2019.2.1｣ 1.31 중국 방문 공연 후 귀국한 친선예술단을 만나 기념촬영,,,,,
2019.01.24,1.23 제2차 조미고위급회담 대표단 만나 방미정형보고 청취,김영철,,,,
2019.01.08,"1.7~1.10 중화인민공화국 방문 및 시진핑 주석과 상봉, 회담","리설주,김영철,리수용,박태성,리용호,노광철,김여정,리일환,최동명,지재룡",,,,
2019.01.01,2019년 새해 즈음 금수산태양궁전 방문,"김영남,최룡해,박봉주",,,,
2019.01.01,2019년  새해 신년사,,,,,
2018.12.29,제4차 농업부문열성자회의 참가자들과 기념사진 촬영,"최룡해,박봉주,로두철,박태덕,김능오,고인호,리철만,곽범기",,,,
2018.12.17,김정일 사망 7주기 즈음 금수산태양궁전 방문,,,,,
2018.12.03,원산구두공장 현지지도,"황병서,조용원,마원춘",,,,
2018.12.01,동해지구 수산사업소들 현지지도,"황병서,조용원,마원춘,서홍찬",,,,
2018.11.18,대관유리공장 현지지도,"최룡해,조용원,김용수,마원춘",,,,
2018.11.16,국방과학원 시험장 방문 및 첨단전술무기 시험 지도,"최룡해,리병철,조용원,김용수,박정천",,,,
2018.11.16,신의주시건설총계획 검토 및 지도,"최룡해,조용원,김용수,마원춘,정경일",,,,
2018.11.07,쿠바 디아스카넬 의장 환송,"리설주,김영남,최룡해,박봉주,리수용,박태성,리용호,김능오,리룡남,김수길,리영길,노광철",,,,
2018.11.06,쿠바 디아스카넬 의장 재접견 및 대집단체조와 예술공연 관람,"리설주,김영남,최룡해,박봉주,리수용,박태성,리용호,김능오,김수길,리영길,노광철",,,,
2018.11.05,쿠바 미겔 마리오 디아스 카넬 국가평의회 의장 겸 내각 수상 영접,"리설주,김영남,최룡해,박봉주,리수용,박태성,리용호,김능오,리룡남,김수길,리영길,노광철",,,,
2018.11.04,北·中예술인 합동공연 관람,"최룡해,리수용,김여정,박춘남",,,,
2018.11.01,양덕군 온천관광지구 건설현장 현지지도,"최룡해,조용원,김용수,마원춘",,,,
2018.11.01,"원산갈마해안관광지구 건설장, 명사십리 건설현장 현지지도","최룡해,조용원,김용수,마원춘",,,,
2018.10.30,삼지연군 읍지구 건설현장 현지지도,"최룡해,조용원,김용수,마원춘",,,,
2018.10.11,삼지연관현악단 전용극장 개건 기념 현지지도 및 기념촬영,"한광상,조용원,권혁봉,마원춘",,,,
2018.10.11,당 창건 73주년 기념 금수산태양궁전 방문,"최룡해,박광호,리만건,김여정,리재일",,,,
2018.10.08,美 마이크 폼페이오 국무장관 접견,,,,,
2018.09.29,창립 70주년 맞이 김책공업종합대학 방문,"박태성,최동명",,,,
2018.09.19,남북정상회담,"리설주,김영남,최룡해,김영철,리수용,박태성,리용호,김수길,노광철,김여정,김능오,리선권,박명철,장혁,김경준,강영수,차희림,리상원,리성국",,,,
2018.09.11,中 당 및 정부대표단 위한 환영공연 및 연회 마련,"리설주,최룡해,박광호,리수용,박태성,김여정",,,,
2018.09.10,中 시진핑 주석의 특별대표로 방문한  리잔수(전인대 상무위원장) 접견,,,,,
2018.09.10,北 정권수립일 70돌 경축 &lt;빛나는 조국&gt; 관람,"리설주,김영남,최룡해,박봉주",,,,
2018.09.10,北 정권수립일 70돌 경축 중앙보고대회 진행,"김영남,최룡해,박봉주,양형섭,박광호,리수용,김평해,태종수,오수용,안정수,박태성,김영철,리용호,최부일,로두철,최휘,박태덕,정경택,조연준,리만건,김능오,김영대,리명수,김수길,리영길,노광철",,,,
2018.09.10,北 정권수립일 70돌 경축 열병식 및 평양군중시위 참석,"김영남,최룡해,박봉주",,,,
2018.09.09,러시아 연방평의회 의장 접견,,,,,
2018.09.09,北 정권수립일 70돌 즈음 금수산태양궁전 방문,"김영남,최룡해,박봉주",,,,
2018.09.06,南 문재인대통령의 특사대표단 성원들 접견,김영철,,,,
2018.09.05,故 주규창동지 조문,"태종수,김평해,리병철,홍승무,홍영칠,강봉훈",,,,
2018.08.21,故 김영춘 인민무력성 총고문 영결식 참가,김수길,,,,
2018.08.21,묘향산 의료기구공장 현지지도,"황병서,조용원,김영환,오일정,김용수,마원춘",,,,
2018.08.19,삼지연군 건설장 현지지도,"리설주,조용원,김영환,김용수,마원춘",,,,
2018.08.18,함북 경성군 온포온실농장 건설 준비사업 현지지도,"황병서,조용원,오일정,김용수,마원춘",,,,
2018.08.17,평남 양덕군 안의 온천지구 현지지도,"김수길,황병서,조용원,오일정,김용수,마원춘",,,,
2018.08.17,원산갈마해안관광지구건설장 현지지도,"리설주,김수길,황병서,조용원,오일정,김용수,마원춘",,,,
2018.08.13,연풍호방류어업사업소 현지지도,"조용원,오일정,김용수",,,,
2018.08.13,운곡지구 종합목장 현지지도,"황병서,조용원,오일정,김용수",,,,
2018.08.08,금산포젓갈가공공장 현지지도,"리설주,최룡해,황병서,조용원,오일정,김용수",,,,
2018.08.06,삼천메기공장 현지지도,"리설주,최룡해,황병서,조용원,오일정,김용수",,,,
2018.08.04,새형의 무궤도전차와 궤도전차 현지지도,"최룡해,오수용,김수길,황병서,조용원",,,,
2018.07.27,중국인민지원군 열사능원에 화환 진정,"리수용,김영철,리용호,노광철",,,,
2018.07.27,제5차 전국노병대회 참자자들과 기념사진 촬영,,,,,
2018.07.27,조국해방전쟁 참전열사묘 방문,"김수길,리영길,노광철,양형섭,리명수,태종수",,,,
2018.07.26,원산영예군인가방공장 현지지도,"리설주,한광상,조용원",,,,
2018.07.26,송도원종합식료공장 현지지도,"리설주,한광상,조용원",,,,
2018.07.25,조선인민군 제525호공장 현지지도,"황병서,한광상,조용원",,,,
2018.07.24,강원도양묘장 현지지도,"황병서,한광상,조용원",,,,
2018.07.17,청진가방공장 현지지도,"황병서,조용원,오일정,김용수",,,,
2018.07.17,함북 경성군 중평리 대규모남새온실농장 현지지도,"황병서,조용원,오일정,김용수",,,,
2018.07.17,온포휴양소 현지지도,"황병서,김성남,조용원,오일정,김용수",,,,
2018.07.17,염분진호텔 건설장 현지지도,"황병서,조용원,오일정,김용수",,,,
2018.07.17,나남탄광기계연합기업소 현지지도,"황병서,조용원,오일정,김용수",,,,
2018.07.17,청진조선소 현지지도,"황병서,조용원,오일정,김용수",,,,
2018.07.17,조선인민군 제810군부대산하 낙산바다연어양어사업소 및 석막대서양연어종어장  현지지도,"황병서,조용원,오일정,김용수",,,,
2018.07.17,어랑천발전소 건설장 현지지도,"황병서,조용원,오일정,김용수",,,,
2018.07.10,삼지연군당위원회 일꾼들과 기념사진 촬영,,,,,
2018.07.10,삼지연감자가루생산공장 현지지도,"황병서,조용원,오일정,김용수",,,,
2018.07.10,삼지연군 안의 건설장들 현지지도,"황병서,조용원,오일정,김용수",,,,
2018.07.10,삼지연군 중흥농장 현지지도,"황병서,조용원,김용수",,,,
2018.07.02,신의주화학섬유공장 현지지도,"안정수,황병서,한광상,김성남,조용원,오일정",,,,
2018.07.02,신의주방직공장 현지지도,"안정수,황병서,한광상,김성남,조용원,오일정",,,,
2018.07.01,신의주화장품공장 현지지도,"리설주,안정수,황병서,한광상,김성남,조용원,오일정",,,,
2018.06.30,조선인민군 제1524군부대 시찰,"황병서,한광상,조용원",,,,
2018.06.30,평안북도 신도군 현지지도,"황병서,한광상,김성남,조용원",,,,
2018.06.20,중국 방문,"리설주,최룡해,박봉주,리수용,김영철,박태성,리용호,노광철",,,,
2018.06.12,북미정상회담,"김영철,리수용,리용호,노광철,김여정",,,,
2018.06.09,새로 건설된 평양대동강수산물식당 방문,"리설주,리수용,한광상,리병철,김여정,김용수,조용원",,,,
2018.06.01,러 라브로프 외무상 접견,,,,,
2018.05.27,남북정상회담,김영철,,,,
2018.05.26,원산갈마해안관광지구 건설장 현지지도,조용원,,,,
2018.05.25,완공된 고암-답촌철길 현지에서 료해,"김용수,조용원",,,,
2018.05.18,당 중앙군사위원회 제7기 제1차확대회의 지도,,,,,
2018.05.10,美 마이크 폼페이오 국무장관 접견,,,,,
2018.05.08,中 시진핑 주석  상봉 및 회담,"리수용,김영철,리용호,김여정",,,,
2018.05.04,中 왕이 외교부장 접견,,,,,
2018.04.27,남북정상회담,"리설주,김영남,리수용,김영철,리용호,최휘,김여정,리선권,리명수,박영식",,,,
2018.04.26,中 관광객 사망자 시신 및 부상자  후송전용열차 마중,박봉주,,,,
2018.04.24,中 관광객 인명피해 사고 관련 중국대사관 위문방문 및 부상자 위로,,,,,
2018.04.21,조선로동당 중앙위원회 제7기 제3차 전원회의 진행,"최룡해,박봉주,김정각,박태성,김수길,김승두",,,,
2018.04.18,中 공산당 대외연락부장 쑹타오 재접견 및 쑹타오·예술단 위한 만찬 마련,"리설주,최룡해,리수용,김여정,조용원,권혁봉,김병호,김성남",,,,
2018.04.17,中 예술단 발레무용극 &lt;붉은 녀성중대&gt; 관람,"리설주,최룡해,리수용,최휘,김여정,박춘남",,,,
2018.04.16,태양절 계기 금수산태양궁전 방문,"김영남,최룡해,박봉주",,,,
2018.04.15,中 공산당 대외연락부장 쑹타오 접견 및 쑹타오·예술단 위한 환영연회,"리설주,최룡해,리수용,김영철,김여정,조용원,권혁봉,김병호,홍광순,김성남,박춘남",,,,
2018.04.10,조선로동당 정치국 회의 진행,박봉주,,,,
2018.04.02,南 예술단 공연 &lt;봄이 온다&gt; 관람,"리설주,김영남,최휘,김여정,리선권,박춘남",,,,
2018.03.31,국제올림픽 위원회 위원장 접견,"최룡해,최휘,김일국",,,,
2018.03.28,중국 비공식 방문,"리설주,최룡해,박광호,리수용,김영철,리용호,조용원,김성남,김병호,지재룡",,,,
2018.03.06,南 특사대표단 성원들 접견 및 만찬,"리설주,김영철,김여정",,,,
2018.02.16,김정일 생일 76주년 경축 금수산태양궁전 참배,"최룡해,박광호,리수용,김평해,태종수,오수용,안정수,박태성,김영철,최휘,박태덕",,,,
2018.02.13,삼지연관현악단 만나 기념사진 촬영,,,,,
2018.02.13,北 고위급대표단 만나 활동정형 보고 청취,"김영철,조용원",,,,
2018.02.08,조선인민군 창건 70돌 경축 열병식 참석,"리설주,김정각,리명수,박영식,김영남,최룡해,박봉주,박광호,양형섭,리수용,김평해,태종수,오수용,안정수,박태성,로두철,리용호,최부일,최휘,박태덕,임철웅,조연준,리만건,김수길,정경택,노광철,김철만,최영림,리용무,오극렬",,,,
2018.02.04,새형의 평양무궤도전차 시운전 현지지도,"리설주,오수용,조용원",,,,
2018.02.01,새로 개건된 평양무궤도전차공장 현지지도,"오수용,조용원",,,,
2018.01.25,평양제약공장 현지지도,"리설주,박태성,최동명,조용원",,,,
2018.01.17,새로 개건된 평양교원대학 현지지도,"박태성,조용원",,,,
2018.01.12,국가과학원 현지지도,"박태성,최동명,조용원",,,,
2018.01.01,신년사 발표,,,,,
2017.12.30,조선노동당 제5차 세포위원장대회 참가자들을 위한 공훈국가합창단과 모란봉악단 축하공연,"최룡해,박광호,김평해,태종수,오수용,안정수,박태성,최휘,박태덕,김여정",,,,
2017.12.25,"김정은 위원장, 당 제5차 당세포위원장 대회 기념사진 촬영","최룡해,박광호,김평해,태종수,오수용,안정수,박태성,최휘,박태덕",,,,
2017.12.22,"김정은 위원장, 당 제5차 당세포위원장 대회 참석 -개회사",,,,,
2017.12.18,"김정은 위원장, 김정일 사망 6주기 금수산태양궁전 참배",,,,,
2017.12.13,"김정은 위원장, 제8차 군수공업대회 참가자들과 기념촬영","태종수,노광철,장창하,전일호,홍승무,홍영칠",,,,
2017.12.13,화성-15형 시험발사 성공에 기여한 성원들에 당 및 국가표창 수여,,,,,
2017.12.13,"김정은 위원장, 제8차 군수공업대회 폐막 -결론",,,,,
2017.12.12,"김정은 위원장, 제8차 군수공업대회 참석","태종수,노광철,장창하,전일호,홍승무,홍영칠",,,,
2017.12.09,삼지연군 여러 단위 공개활동,"최룡해,김용수,조용원,마원춘",,,,
2017.12.09,"김정은 당 위원장, 백두산 등정","최룡해,김용수,조용원,리상원,마원춘,양명철",,,,
2017.12.06,"김정은 위원장, 삼지연 감자가루 생산공장 공개활동","최룡해,김용수,조용원,김웅철,마원춘",,,,
2017.12.03,"김정은 위원장, 압록강타이어공장 공개활동","최룡해,홍영칠,조용원,유진",,,,
2017.11.29,"김정은, ‘화성-15형’ 시험발사 전 과정 현지 지도","장창하,전일호,조용원,유진",,,,
2017.11.28,"김정은, 새로 건설된 순천메기공장 현지지도","오수용,박태성,조용원",,,,
2017.11.21,"김정은, 승리자동차연합기업소 현지지도","오수용,박태성,조용원",,,,
2017.11.15,"김정은, 금성뜨락또르공장 현지지도","박봉주,오수용,조용원",,,,
2017.11.04,"김정은, 3월16일공장 현지지도","오수용,박태성,홍영칠,조용원,유진",,,,
2017.10.29,"김정은, 새로 개건된 평양화장품공장 현지지도","리설주,김수길,김여정,안정수,조용원",,,,
2017.10.19,"김정은, 류원신발공장 현지지도","김용수,김여정,조용원,박명순,김수길,리설주,안정수",,,,
2017.10.13,"김정은, 만경대혁명학원 축하방문","리일환,김용수,김여정,조용원",,,,
2017.10.08,당 중앙위 제7기 제2차 전원회의,,,,,
2017.09.30,"김정은, 인민군 제810군부대 산하 1116호 농장 공개활동","최룡해,김용수,조용원,조남진,한광상",,,,
2017.09.21,"김정은, 황해남도 과일군 현지지도","황병서,최룡해,서홍찬,김용수,조용원",,,,
2017.09.16,"김정은, 화성12형 미사일 발사훈련 참관",,,,,
2017.09.12,섬 분교와 최전연지대ㆍ산골학교들에 자원진출한 교원들을 만나고 기념사진,최태복,,,,
2017.09.10,대륙간탄도로케트 장착용 수소탄 시험성공에 기여한 성원들과 기념촬영,"리만건,홍승무",,,,
2017.09.10,"핵과학자, 기술자들을 위한 축하연회 진행","황병서,박봉주,최룡해",,,,
2017.09.10,"핵과학자, 기술자들을 위한 축하공연 진행",리설주,,,,
2017.09.04,조선노동당 중앙위원회 정치국 상무위원회 진행,"김영남,황병서,박봉주,최룡해",,,,
2017.09.03,핵무기 병기화사업 지도,,,,,
2017.09.02,조선인민군 제4차 청년동맹초급단체비서 열성자대회 참가자들과 기념사진,황병서,,,,
2017.08.30,인민군 전략군의 중장거리 전략 탄도로켓 발사훈련 지도,"리병철,김정식,조용원,유진,장창하,전일호",,,,
2017.08.26,섬 점령을 위한 조선인민군 특수작전부대들의 대상물타격 경기대회 지도,,,,,
2017.08.23,국방과학원 화학재료연구소 공개활동,"조용원,김정식",,,,
2017.08.15,인민군 전략군사령부 시찰,"황병서,김정식",,,,
2017.07.31,화성-14형 2차 시험발사 성공 경축 연회 참석,"리설주,리만건,리병철,김락겸,김정식,정승일,장창하,전일호",,,,
2017.07.29,대륙간탄도로케트 《화성-14》형 2차 시험발사 현지지도 공개활동,"리병철,김락겸,김정식,장창하,전일호,유진,조용원",,,,
2017.07.28,정전협정 체결 64주년을 맞아 조국해방전쟁참전열사묘 방문,"황병서,리명수,박영식",,,,
2017.07.13,대륙간탄도로케트 시험발사성공에 기여한 성원들에 대한 당 및 국가표창수여식 진행,,,,,
2017.07.13,화성-14형 시험발사성공에 기여한 성원들과 함께 기념촬영,"리만건,리병철",,,,
2017.07.11,대륙간탄도로케트 시험발사 성공 축하 연회 참석,"리설주,김영남,황병서,박봉주,최룡해",,,,
2017.07.10,화성-14형 시험발사 성공 기념 음악 무용 종합공연 관람,"김영남,황병서,최룡해,박봉주",,,,
2017.07.08,금수산태양궁전 참배,,,,,
2017.07.05,대륙간탄도미사일 화성 14형 시험발사 현지지도 공개활동,"리병철,김락겸,김정식,정승일,장창하,전일호,유진,조용원",,,,
2017.06.20,새로 건설된 치과 위생용품공장 공개활동,"황병서,박봉주,최태복,오수용,안정수,서홍찬,조용원,마원춘",,,,
2017.06.09,신형 지상대해상 순항미사일 시험발사 참관,"황병서,리병철,리영길,김정식,정승일",,,,
2017.06.08,조선소년단 제8차 대회 참가자들과 기념사진 촬영,"최룡해,리일환,전용남",,,,
2017.06.07,조선소년단 제8차대회 참석 및 연설,"최룡해,최태복,리일환,김승두",,,,
2017.06.05,조선인민군 항공 및 반항공군 비행지휘 성원들의 전투비행술 경기대회-2017 공개활동,,,,,
2017.06.03,강서약수공장 공개활동,"안정수,김용수,조용원",,,,
2017.05.30,정밀조종 유도체계를 도입한 탄도로켓 시험발사 공개 활동,"리병철,김락겸,김정식,장창하,정승일,전일호",,,,
2017.05.28,신형 반항공 요격유도 무기체계 시험사격 참관,"황병서,리영길,오금철,김광혁,리병철,김정식,정승일",,,,
2017.05.22,북극성-2형 시험발사 참관,"리병철,김정식,정승일,유진,조용원",,,,
2017.05.20,화성-12형 개발자들과 함께 기념사진 촬영,"리만건,리병철,김정식,정승일,장창하",,,,
2017.05.15,새 형의 로켓 시험발사 공개활동,"리병철,김정식,정승일,장창하,김락겸",,,,
2017.05.13,조선인민군 건설부문 열성자들과 기념촬영,"황병서,박영식,김정관",,,,
2017.05.13,"인민무력성 기공구, 마감건재품 및 과학기술성과 전시회장 공개활동","황병서,박영식,김정관",,,,
2017.05.10,낙랑 영예군인 수지일용품공장 공개활동,"박봉주,리주오,안정수,조용원",,,,
2017.05.05,장재도방어대와 무도 영웅방어대 공개활동,"황병서,서홍찬,박정천,리성국,리영철,오일정,조용원",,,,
2017.04.26,인민군 군종 합동 타격시위 참관,,,,,
2017.04.23,인민군 항공 및 반항공군 &amp;apos;4월 22일 태천 돼지공장&amp;apos; 공개활동,"황병서,서홍찬,김광혁,손철주",,,,
2017.04.17,김일성 생일 105돌 기념 공훈국가합창단 공연 관람,"황병서,리명수,박영식,리영길",,,,
2017.04.16,금수산태양궁전 참배,"김영남,황병서,박봉주,최룡해",,,,
2017.04.15,김일성 생일 105돌 기념 열병식 참석,,,,,
2017.04.13,여명거리 준공식 진행,,,,,
2017.04.13,군 특수작전부대 강하 및 대상물 타격경기대회 2017 공개활동,,,,,
2017.04.11,최고인민회의 제13기 제5차 회의 참석,,,,,
2017.04.08,평양 버섯공장 공개활동,"박봉주,조용원,마원춘",,,,
2017.04.01,조선인민군 탱크병 경기대회 2017 참관,,,,,
2017.03.28,새로 개건된 조선혁명박물관 공개활동,"최룡해,김기남,김정임,조용원,마원춘",,,,
2017.03.19,새형의 대출력발동기 지상분출실험 참관 공개활동,"리병철,김정식",,,,
2017.03.16,여명거리 건설장 공개활동,"황병서,김정관,마원춘",,,,
2017.03.11,백두산건축연구원 공개활동,마원춘,,,,
2017.03.07,조선인민군 전략군 화성 포병부대들의 탄도로켓 발사훈련 현지지도,"리병철,김정식",,,,
2017.03.03,만경대 혁명학원 방문 및 식수,"리설주,황병서,최룡해",,,,
2017.03.01,조선인민군 제 966대연합부대 지휘부 공개활동,"황병서,리영길",,,,
2017.02.23,공훈국가합창단 창립 70돌 기념공연 관람,"황병서,최룡해,김기남",,,,
2017.02.21,삼천메기공장 방문,"황병서,서홍찬,김용수,조용원",,,,
2017.02.16,김정일 생일 75주년 경축 금수산태양궁전 참배,"황병서,김기남,최태복,리명수,리수용,김평해,리만건,오수용,김영철,최부일,조연준,리병철,박영식",,,,
2017.02.15,김정일 생일 75주년 경축 중앙보고대회 참석,"김영남,황병서,박봉주,김기남,최태복,리명수,박영식,리수용,김평해,리만건,오수용,김영철,최부일,로두철,리용호,김수길,조연준,리병철,노광철,김영대,리기석,차상보,윤길상",,,,
2017.02.13,중장거리 전략탄도탄 북극성-2형 시험발사 공개활동,,,,,
2017.02.07,강동정밀기계공장 방문,"조용원,유진",,,,
2017.02.02,새로 건설된 평양초등학원 방문,"최룡해,조용원,마원춘",,,,
2017.01.28,탱크장갑 보병연대 겨울철 도하공격 전술연습 지도,,,,,
2017.01.26,려명거리 건설장 방문,"오수용,조용원,마원춘",,,,
2017.01.23,故 강기섭 빈소 방문,"황병서,최룡해,리명수,박영식,김용수,조용원",,,,
2017.01.22,오중흡7연대 칭호 수여받은 제 1314군부대 공개활동,"황병서,리영길",,,,
2017.01.19,조선인민군 제233군부대 직속 구분대 공개활동,"황병서,리영길",,,,
2017.01.15,새로 건설된 금산포젓갈가공공장과 금산포수산사업소 방문,"황병서,서홍찬,김용수,조용원,마원춘",,,,
2017.01.12,류경김치공장 방문,"오수용,안정수,조용원,신만균",,,,
2017.01.08,김정숙평양제사공장에 새로 꾸린 이불생산공정과 노동자합숙소 방문,"안정수,조용원,박명순",,,,
2017.01.05,평양가방공장 방문,"안정수,조용원,림준길",,,,
2017.01.01,2017년 새해 신년사 발표,,,,,
2017.01.01,금수산태양궁전 참배,"리설주,김영남,황병서,박봉주,최룡해",,,,
2016.12.31,[보도일 2017.01.01]인민군 제4차 수산부문 열성자회의(16.12.29)참가자들과 기념촬영,"황병서,최룡해",,,,
2016.12.29,1차 전당 초급당 위원장 대회 참가자들과 모란봉악단 공훈 국가합창단 합동공연 관람,"황병서,최룡해,김기남,최태복,리수용,김평해,리만건,오수용,곽범기,김영철",,,,
2016.12.29,1차 전당 초급당 위원장 대회 참가자들과 기념촬영,"황병서,최룡해,김기남,최태복,리수용,김평해,리만건,오수용,곽범기,김영철",,,,
2016.12.26,1차 전당 초급당 위원장 대회 3일회의 참석,,,,,
2016.12.25,1차 전당 초급당 위원장 대회 2일회의 참석,,,,,
2016.12.24,1차 전당 초급당 위원장 대회 1일회의 참석,"황병서,최룡해,김기남,최태복,리수용,김평해,오수용,곽범기,김영철,리만건,김수길,김능오,박태성,조연준",,,,
2016.12.21,길영조 영웅 추격기 연대 전투비행사들의 야간 습격 전투 비행훈련 참관,"황병서,리명수,리영길,리병철",,,,
2016.12.21,인민군 대연합부대별 방사포병 중대 사격경기 참관,,,,,
2016.12.20,마식령 스키경기 - 2016 관람,"황병서,최룡해,리수용,오수용,리영길,리일환,김용수,조용원,한광상,박정천,마원춘",,,,
2016.12.17,금수산태양궁전 방문,"김영남,황병서,박봉주,최룡해",,,,
2016.12.17,김정일 사망 5주기 중앙추모대회 참석,"김영남,황병서,박봉주,최룡해,김기남,최태복,리명수,박영식,양형섭,리수용,김평해,리만건,오수용,곽범기,김영철,김원홍,최부일,로두철,리용호,김수길,조연준,리병철,노광철,김영대,오형진,차상보,윤길상",,,,
2016.12.15,인민군 15호 수산사업소 방문,"황병서,서홍찬",,,,
2016.12.13,원산 군민발전소 방문,"최룡해,오수용,김용수,조용원",,,,
2016.12.11,농근맹 제8차 대회 참가자들과 기념촬영,"최룡해,김기남,리일환,리명길",,,,
2016.12.11,525군부대 직속 특수작전대대 전투훈련장 공개활동,,,,,
2016.12.09,원산구두공장 방문,조용원,,,,
2016.12.07,새로 개건된 강원도 12월 6일 소년단야영소 방문,"조용원,마원춘",,,,
2016.12.04,조선인민군 항공 및 반항공군 비행 지휘성원들의 전투비행술 경기대회-2016 지도,리설주,,,,
2016.12.02,전선 포병부대들의 포병 대집중 화력 타격연습 지도,,,,,
2016.11.29,카스트로 사망 관련 駐北 쿠바대사관 조의 방문,"황병서,김계관",,,,
2016.11.28,삼지연군 여러 부문 사업 지도,"최룡해,김용수",,,,
2016.11.26,제1045군부대 관하 산악 보병대대 스키훈련 지도,최룡해,,,,
2016.11.25,조선인민군 제380대연합부대 지휘부 공개 활동,"황병서,최룡해,리영길",,,,
2016.11.22,여맹 6차대회 참가자들과 기념사진촬영,"최룡해,김기남,리일환,김정순",,,,
2016.11.20,8월25일 수산사업소 공개활동,"황병서,서홍찬",,,,
2016.11.19,인민군 대연합부대별 여성 방사포병 사격경기 지도,,,,,
2016.11.17,5월27일 수산사업소와 1월8일 수산사업소 방문,"황병서,서홍찬",,,,
2016.11.13,갈리도 전초기지와 장재도 방어대 방문,"황병서,리영길,박정천,리성국,리영철",,,,
2016.11.11,서부전선 마합도 방어대 방문,"황병서,리명수,리영길,박정천,리성국,리영철",,,,
2016.11.09,인민군 제 1344군 부대 관하 구분대 공개활동,"황병서,박정천",,,,
2016.11.04,제 525군 부대 직속 특수작전 대대 공개활동,"황병서,리명수,리영길",,,,
2016.10.30,직총 제7차 참가자들과 함께 기념촬영,"최룡해,김기남,리일환,주영길",,,,
2016.10.29,용악산 비누공장,"황병서,오수용,안정수,서홍찬,조용원,마원춘,김용수",,,,
2016.10.18,류경안과종합병원,"최룡해,최태복,조용원,마원춘,리문곤,김용수",,,,
2016.10.07,만경대혁명사적지 기념품공장 현지지도,"오수용,안정수,조용원,박명순",,,,
2016.09.30,용악산샘물공장 현지지도,"박봉주,안정수,조용원,림준길",,,,
2016.09.24,대동강 주사기공장 현지지도,"서홍찬,조용원",,,,
2016.09.22,5차 핵실험 성공에 기여한 성원들과 기념사진 촬영,"리만건,홍승무",,,,
2016.09.20,새 형의 정지위성 운반로켓용 대출력 발동기 지상분출시험 지도,,,,,
2016.09.18,고산과수농장 방문,"황병서,서홍찬",,,,
2016.09.15,새로 건설된 보건산소공장 방문,"최태복,마원춘,강봉훈",,,,
2016.09.13,인민군 제810군부대 산하 1116호 농장 현지지도,"황병서,오수용,조용원,한광상",,,,
2016.09.06,전략군 화성 포병부대 발사 훈련 참관,"리만건,리병철,김정식",,,,
2016.09.01,SLBM발사 성공에 기여한 성원들과 기념사진 촬영,"리만건,리병철,노광철",,,,
2016.08.31,김일성 사회주의청년동맹 9차대회 참가자들과 기념촬영,"최룡해,김수길,김능오,박태성,리일환,전용남,김용주,김영녀",,,,
2016.08.29,김일성사회주의청년동맹 경축 청년전위들의 홰불 야회 참가,"황병서,최룡해,김기남,김평해,리만건,오수용,곽범기,김영철,김수길,김능오,박태성,리일환,김용주,김영녀",,,,
2016.08.29,김일성사회주의청년동맹 제9차대회 연설,"황병서,최룡해,김기남",,,,
2016.08.25,전략잠수함 탄도탄 수중시험발사 참관,,,,,
2016.08.18,대동강돼지공장 현지지도,"오수용,조용원",,,,
2016.08.18,대동강과수종합농장 현지지도,"오수용,조용원",,,,
2016.08.13,순천화학연합기업소 아크릴계 칠감 생산공정 견학,"박봉주,리무영",,,,
2016.08.10,1월18일기계종합공장 현지지도,"조용원,홍영칠,유진",,,,
2016.08.06,조선인민군 제3차 오중흡7연대칭호쟁취운동열성자대회 참가자들과 함께 기념사진 촬영,"황병서,리명수,박영식",,,,
2016.08.04,조선인민군 제3차 오중흡7연대칭호 쟁취운동 열성자대회 참석,"황병서,리명수,박영식",,,,
2016.07.30,새로건설된 인민군 어구종합공장 현지지도,"황병서,박영식,서홍찬",,,,
2016.07.27,천리마건재종합공장 방문,"황병서,박영식,오수용,조용원,마원춘",,,,
2016.07.24,제810군부대 산하 어분사료공장 방문,"황병서,오수용,조용원",,,,
2016.07.20,전략군 화성포병부대들의 탄도로케트 발사훈련 참관,"리만건,리병철,홍승무,김정식",,,,
2016.07.16,인민군 제2기 제6차 군인가족 예술소조 경연당선 군부대들 군인가족예술소조 공연 관람,,,,,
2016.07.14,백두산건축연구원 현지지도,마원춘,,,,
2016.07.12,평성합성가죽공장 현지지도,"박봉주,안정수,박명순",,,,
2016.07.08,금수산태양궁전 참배,,,,,
2016.07.06,평양자라공장 현지지도,"조용원,한광상",,,,
2016.07.03,새로 건설된 평양중등학원 방문,"조용원,마원춘",,,,
2016.07.01,쿠바특사일행 접견,,,,,
2016.06.30,최고인민회의 제 13기 제4차회의 참석,"김영남,황병서,박봉주,최룡해,김기남,리명수,박영식,양형섭,리수용,김평해,리만건,오수용,곽범기,김영철,김원홍,최부일,로두철,리용호,임철웅,김수길,박태성,김능오,조연준,리병철,노광철,김영대",,,,
2016.06.29,지대지 중장거리 미사일 《화성-10》 시험발사성공에 기여한 성원들과 기념촬영,,,,,
2016.06.23,지대지 중장거리 미사일 시험발사 현지지도,,,,,
2016.06.21,김정숙평양제사공장 현지지도,"안정수,조용원",,,,
2016.06.16,평양곡산공장 현지지도,"안정수,조용원,신만균",,,,
2016.06.13,국방종합대학 현지지도,"리만건,유진,조용원",,,,
2016.06.10,류경김치공장 현지지도,"오수용,안정수,조용원,신만균,마원춘",,,,
2016.06.08,조선소년단 창립70돌 경축행사 대표들과 기념촬영,"최룡해,리일환,전용남",,,,
2016.06.08,조선소년단 창립70돌 경축 학생소년들의 종합공연 관람,"최룡해,리일환,전용남",,,,
2016.06.04,용악산비누공장 건설장 현지지도,"황병서,최룡해,조용원,마원춘",,,,
2016.06.04,새로 개건된 만경대소년단야영소 현지지도,"최룡해,조용원,마원춘",,,,
2016.06.02,새로 건설한 평양체육기자재공장 현지지도,"최룡해,오수용,조용원",,,,
2016.05.30,북-중 남자농구팀 친선경기 관람,"최룡해,오수용,리일환,김여정,김성남,조용원,리종무",,,,
2016.05.30,새로 건설하고 있는 보건산소공장 현지지도,"리만건,조용원,마원춘",,,,
2016.05.27,류경안과종합병원 건설장 현지지도,"김용수,조용원,마원춘",,,,
2016.05.24,귀성제염소 현지지도,"황병서,박영식,오수용,조용원",,,,
2016.05.21,완공을 앞둔 자연박물관과 중앙동물원을 현지지도,"오수용,김여정,조용원,마원춘",,,,
2016.05.19,허철용이 사업하는 기계공장 현지지도,"리만건,조용원",,,,
2016.05.15,조선인민군 제122호 양묘장 현지지도,"황병서,박영식,오수용,조용원,김경준,마원춘",,,,
2016.05.13,기계설비 전시장 참관,"황병서,박봉주,최룡해,김기남,최태복,리수용,김평해,오수용,곽범기,김영철,리만건,리철만",,,,
2016.05.13,7차 당대회 참가자들과 기념사진 촬영,"김영남,황병서,박봉주,최룡해",,,,
2016.05.10,7차 당대회 경축 평양시 군중대회 및 군중시위 참석,"김영남,황병서,박봉주,최룡해,최태복,박영식,리명수,리수용,김평해,오수용,곽범기,김영철,리만건,양형섭,로두철,김원홍,최부일,김수길,김능오,박태성,리용호,조연준,리병철,노광철",,,,
2016.05.09,7차 당대회 4일회의(폐회사),,,,,
2016.05.08,7차 당대회 3일회의 참석,,,,,
2016.05.07,7차 당대회 2일회의(사업총화보고),,,,,
2016.05.06,"7차 당대회 1일회의(개회사, 사업총화보고)",,,,,
2016.04.24,전략잠수함 탄도미사일 시험발사 현지지도,,,,,
2016.04.23,완공된 백두산영웅청년3호발전소 현지지도,"최룡해,리일환,조용원",,,,
2016.04.19,새로 건설된 민들레학습장공장 현지지도,"조용원,김여정,김웅철,마원춘",,,,
2016.04.15,금수산태양궁전 참배,,,,,
2016.04.09,새 형의 대륙간탄도미사일 대출력발동기 지상분출시험 지도,"리만건,조용원,홍영칠,김정식,김락겸",,,,
2016.04.08,리철호동무가 사업하는 기계공장 현지지도,"조용원,홍영칠,김여정,김창광",,,,
2016.04.02,용성기계연합기업소 동흥산기계공장 현지지도,"조용원,홍영칠,윤동현",,,,
2016.04.02,새형의 반항공 요격유도 무기체계의 전투성능 판정을 위한 시험사격 지도,"리만건,리병철,조용원,홍영칠,김정식,윤동현",,,,
2016.04.01,신흥기계공장 현지지도,"조용원,홍영칠,윤동현,김창광,정승일",,,,
2016.03.28,미래상점 및 종합봉사기지 현지지도,"리설주,최룡해,전일춘,조용원,김여정,김창광,김병호,마원춘",,,,
2016.03.25,조선인민군 전선대연합부대 장거리포병 대집중화력 타격연습 지도,,,,,
2016.03.24,대출력 고체로켓 발동기 지상분출 및 단계분리시험 지도,,,,,
2016.03.24,용성기계연합기업소 2월11일 공장 현지지도,홍영칠,,,,
2016.03.22,해군 제597군부대 관하 10월3일 공장 현지지도,"황병서,리명수,윤동현,조용원,김정식,마원춘",,,,
2016.03.22,신형 대구경방사포사격 현지지도,"황병서,리명수,윤동현,조용원,홍영칠,김정식",,,,
2016.03.20,인민군 상륙 및 반상륙 방어연습 지도,,,,,
2016.03.18,여명거리 건설 선포 및 강령적 과업 제시,"조용원,김여정,김창광",,,,
2016.03.15,탄도로켓 대기권 재돌입환경 모의시험 지도,"리병철,김정식,김락겸",,,,
2016.03.11,인민군 탱크병 경기대회-2016 참관,,,,,
2016.03.11,인민군 전략군의 탄도미사일 발사 훈련 참관,"황병서,리병철,홍승무,김정식,윤동현",,,,
2016.03.09,핵무기연구부문 과학자-기술자들을 만나고 핵무기 병기화 사업지도,"김락겸,홍영칠,김여정",,,,
2016.03.04,신형 대구경방사포 시험사격 지도,"최룡해,홍영칠,김정식,윤동현",,,,
2016.03.02,태성기계공장 현지지도,"조용원,김정식",,,,
2016.02.27,반탱크 유도무기 시험사격 현지지도,"황병서,리명수,윤동현,조남진,조용원,홍영칠,김창광,김정식",,,,
2016.02.23,조선인민군 군악단 창립 70주년 기념 연주회 관람,"김기남,박영식,리명수,조남진,렴철성,조경철",,,,
2016.02.21,항공 및 반항공군 전투비행사들의 검열비행훈련 판정검열,"박영식,림광일,조남진,리명수",,,,
2016.02.21,조선인민군 대연합부대들 사이의 쌍방 실동훈련 지도,,,,,
2016.02.19,미사일 발사 성공에 기여한 과학자 등과 기념사진 촬영,"리만건,박도춘",,,,
2016.02.19,2.17 미사일 발사 성공에 기여한 과학자 등에 대한 당 및 국가표창수여식 참석하고 축하연설,,,,,
2016.02.17,리설주와 함께 금수산태양궁전 방문,리설주,,,,
2016.02.15,광명성-4호 발사 성공에 기여한 성원들을위해 연회마련,"리설주,김영남,황병서,박봉주,김기남,최태복,박영식,리명수,양형섭,김원홍,곽범기,오수용,김평해,김영철,최부일,로두철,조연준",,,,
2016.02.04,"당 중앙위원회, 당 인민군위원회 연합회의 확대회의 지도",,,,,
2016.01.28,김정숙평양방직공장 현지지도,"안정수,조용원,박명순",,,,
2016.01.23,현대적으로 개건된 금컵체육인종합식료공장 현지지도,"최룡해,안정수,조용원,김여정",,,,
2016.01.20,새로 건설된 청년운동사적관 현지지도,"황병서,최룡해,리일환,조용원,김여정",,,,
2016.01.13,핵과학자들 기술자 등에게 당 및 국가표창 수여,,,,,
2016.01.11,수소탄 시험 성공에 기여한 핵과학자 등과 기념 촬영,"리만건,리병철,박도춘",,,,
2016.01.10,인민무력부 축하 방문,,,,,
2016.01.05,인민군 대연합부대들의 포사격 경기 참관,,,,,
2016.01.02,과학기술전당 준공식 참석,"황병서,박봉주,김기남,최태복,오수용,로두철",,,,
2016.01.01,2016년 새해 신년사 발표,,,,,
2016.01.01,금수산태양궁전 참배,,,,,
2015.12.31,故 김양건 영구 조문,,,,,
2015.12.29,조선인민군 제3차 수산부문열성자회의 참가자들에 대한 당 및 국가표창수여식 참가,,,,,
2015.12.24,조선인민군 제526대 연합부대와 제671대 연합부대 쌍방실동훈련 참관,,,,,
2015.12.20,1월18일기계종합공장 현지지도,"오수용,조용원,홍영칠",,,,
2015.12.17,금수산태양궁전 참배,,,,,
2015.12.16,삼천메기공장 현지지도,"황병서,박영식,서홍찬,오수용,조용원",,,,
2015.12.12,5월9일메기공장 현지지도,"오수용,조용원",,,,
2015.12.10,새로 개건된 평천혁명사적지 현지지도,"황병서,윤동현,조용원,홍영칠,장창하",,,,
2015.12.05,조선인민군 제4차 포병대회 참가자들과 기념촬영,"황병서,박영식,리영길",,,,
2015.12.05,조선인민군 제4차 포병대회 진행,"황병서,박영식,리영길",,,,
2015.12.03,인민군 122호 양묘장 현지지도,"황병서,오수용,조용원,김경준,마원춘",,,,
2015.12.01,새로 개건된 만경대학생소년궁전 시찰,"김양건,리일환,조용원,마원춘",,,,
2015.11.27,원산구두공장 현지지도,"조용원,한광상",,,,
2015.11.25,제549군부대 관하 15호수산사업소 현지지도,"서홍찬,조용원,한광상",,,,
2015.11.24,인민군 제37차 군무자예술축전에 당선된 중대군인들의 공연 관람,"서홍찬,조남진,렴철성,한광상",,,,
2015.11.23,313군부대관하 8월25일수산사업소 현지지도,"조용원,조남진,한광상",,,,
2015.11.20,새로 만든 지하전동차 시운전 참관,"박봉주,김양건,오수용,조용원,한광상",,,,
2015.11.18,대동강에 새로 설치한 이동식 그물우리양어장 현지지도,"오수용,조용원",,,,
2015.11.14,평양어린이식료품공장 현지지도,"김양건,오수용,조용원",,,,
2015.11.12,故 리을설 장례식 참가,"김영남,황병서,박봉주,김기남,박영식,리영길,김원홍,김양건,곽범기,오수용,최부일,로두철,조연준,김영대,황순희,김철만,박경숙,리영숙",,,,
2015.11.09,故 리을설 빈소 조문,"황병서,박영식,리영길",,,,
2015.11.07,조선인민군 제7차 군사교육일꾼대회 참가자들과 함께 기념촬영,"황병서,박영식,리영길",,,,
2015.11.05,조선인민군 제7차 군사교육일꾼대회 진행,"황병서,박영식,리영길",,,,
2015.11.03,서부전선 반항공부대들의 고사로켓 사격훈련 참관,"황병서,리영길,오금철,윤동현,리병철",,,,
2015.10.31,평양메기공장 현지지도,"박봉주,오수용,조용원",,,,
2015.10.28,완공된 과학기술전당 현지지도,"황병서,박봉주,김양건,오수용,조용원,김여정,마원춘",,,,
2015.10.26,백두산영웅청년발전소 완공에 기여한 일군 등과 함께 기념사진 촬영,"로두철,김영호,리종국,김용광,강종관,장혁",,,,
2015.10.23,김종태전기기관차연합기업소 방문 및 새로만든 지하전동차 요해,"오수용,조용원",,,,
2015.10.21,완공된 미래과학자거리 시찰,"황병서,김기남,김양건,오수용,조용원,마원춘",,,,
2015.10.19,당 창건 70돌 경축 청봉악단의 공연관람,"리설주,김기남,최룡해,김양건,조용원",,,,
2015.10.19,당 창건 70돌 경축 공훈국가합창단과 모란봉악단의 합동공연 관람,"리설주,최룡해,김양건",,,,
2015.10.16,인민군 제350군부대 시찰,"황병서,오금철",,,,
2015.10.14,당 창건 70주년 경축 열병식참가자들과 기념사진 촬영,"황병서,박영식,리영길",,,,
2015.10.14,당 창건 70주년 경축대표들과 기념사진 촬영,"김영남,황병서,박봉주",,,,
2015.10.10,당 창건 70돌 경축 청년전위들의 횃불행진 관람,"김영남,황병서,박봉주,김기남,최룡해,최태복,박영식,리영길,양형섭,리용무,오극렬,김원홍,김양건,곽범기,오수용,김평해,로두철,조연준,태종수",,,,
2015.10.10,당 창건 70돌 경축 열병식 및 평양시 군중시위 참석,"황병서,김기남,최룡해,최태복,박영식,리영길,김원홍,김양건,곽범기,오수용,김평해,조연준,태종수",,,,
2015.10.10,금수산태양궁전 참배,"김기남,최룡해,최태복,김양건,곽범기,오수용,김평해",,,,
2015.10.09,중국 공산당 대표단(단장 : 류윈산) 접견,"김기남,김양건",,,,
2015.10.08,나선시 선봉지구 백학동 시찰,"황병서,김기남,김양건,오수용,조용원,김여정,마원춘",,,,
2015.10.04,백두산영웅청년발전소 준공 경축 군민청년대합창공연관람,"김기남,최룡해,최태복,김양건,곽범기,오수용,김평해,리일환,리상원",,,,
2015.10.04,백두산영웅청년발전소 준공식 참석하여 연설 및 기념사진 촬영,"김기남,최룡해,최태복,김양건,곽범기,오수용,김평해,리일환,리상원,전용남",,,,
2015.10.01,정성제약종합공장 현지지도,"황병서,김양건,서홍찬,조용원",,,,
2015.09.28,새로 건조한 종합봉사선 무지개호 시찰,"황병서,김기남,김양건,오수용,조용원,홍영칠,김여정",,,,
2015.09.25,새로 건설한 창광상점 현지지도,"최룡해,김양건,리일환,조용원,홍영칠,김여정",,,,
2015.09.22,군수공업부문 생활필수품 품평회장 현지지도,"최룡해,김양건,리일환,김춘섭,조춘룡,조용원,홍영칠,김여정,정승일",,,,
2015.09.18,나선시 피해복구전투 현지지도,"황병서,리일환,조용원",,,,
2015.09.14,완공을 앞둔 백두산영웅청년발전소건설장 현지지도,"최룡해,조용원",,,,
2015.09.10,청년중앙예술선전대 공연 관람,"황병서,최룡해,박영식,리영길,김양건,리일환,전용남",,,,
2015.09.08,쿠바 국가대표단을 환영하는 모란봉악단 공훈국가합창단 축하공연 관람,"리설주,황병서,김기남,최룡해,김양건,리수용,김계관",,,,
2015.09.08,쿠바 국가대표단 접견,김양건,,,,
2015.09.04,신의주측정계기공장 현지지도,"김춘섭,조춘룡,조용원,홍영칠,윤동현",,,,
2015.09.01,새로 건설한 평양강냉이 가공공장 현지지도,"박봉주,최룡해,김양건,조용원",,,,
2015.08.28,당중앙군사위원회 확대회의 지도,,,,,
2015.08.21,당중앙군사위원회 비상확대회의 지도,,,,,
2015.08.18,대동강과수종합농장 현지지도,"최룡해,오수용,조용원",,,,
2015.08.15,금수산태양궁전 방문,,,,,
2015.08.13,810군부대 산하 1116호농장 현지지도,"황병서,박봉주,오수용,서홍찬",,,,
2015.08.10,동아시안컵에서 우승하고 귀국한 여자축구선수들을 평양국제비행장에서 마중,리설주,,,,
2015.08.06,농기계전시장 시찰,"박봉주,오수용,리철만,조용원",,,,
2015.08.04,정전협정 62돌 경축 공훈국가합창단 공연 관람,"리설주,황병서,박영식,리영길",,,,
2015.08.02,새로 건설한 평양양로원 현지지도,"오수용,김기남,리재일,김여정",,,,
2015.07.30,제4차 전국노병대회 참가자들과 함께 기념사진 촬영,"황병서,박영식,리영길,리을설,황순희,김철만,박경숙,리영숙,양형섭,리용무,오극렬,최영림,태종수",,,,
2015.07.30,인민군 항공 및 반항공군 비행지휘성원들의 전투비행술경기대회-2015지도,"황병서,박영식,리영길,서홍찬,조경철,김영철,오금철,리용주,최영호,김락겸",,,,
2015.07.28,조국해방전쟁참전 열사묘 방문,"황병서,박영식,리영길,김원홍,서홍찬,조남진,렴철성",,,,
2015.07.27,금수산태양궁전 참배,"황병서,박영식,리영길,김원홍,서홍찬,노광철,조남진,렴철성",,,,
2015.07.26,제4차 전국노병대회 진행,"황병서,박영식,리영길",,,,
2015.07.23,새로 건설한 신천박물관 현지지도,"황병서,김기남,리재일,김여정,렴철성",,,,
2015.07.20,김종태전기기관차연합기업소 현지지도,"황병서,박봉주,리재일,김여정",,,,
2015.07.20,지방인민회의 대의원선거 참가,"황병서,박봉주,리재일,김여정",,,,
2015.07.15,제43차 대사회의 참가자들과 기념사진 촬영,"리수용,김계관",,,,
2015.07.14,낙랑위생용품공장 현지지도,"김양건,리재일,김여정,조용원",,,,
2015.07.11,평양대경 김 가공공장 현지지도,"황병서,서홍찬,리재일,전일춘,조용원",,,,
2015.07.08,금수산태양궁전 참배,"황병서,박영식,리영길,김원홍,노광철,서홍찬,조남진,렴철성",,,,
2015.07.07,평양 남새과학연구소 현지지도,"리재일,조용원",,,,
2015.07.03,새로 건설한 김책공업종합대학 자동화연구소 현지지도,,,,,
2015.06.30,장천남새전문협동농장 현지지도,"황병서,최룡해,리재일",,,,
2015.06.25,완공된 평양국제비행장 항공역사 현지지도,"리설주,황병서,박봉주,김양건,리재일,리병철,김여정,조용원",,,,
2015.06.22,여성초음속전투기비행사의 비행훈련참관,"황병서,오금철,리병철",,,,
2015.06.18,고사포병 사격경기 참관,"최룡해,오일정",,,,
2015.06.18,인민군 제1차 정찰일꾼대회참자자들과 기념사진 촬영,"황병서,박영식,리영길,렴철성,김영철,김락준",,,,
2015.06.16,해군함선 구분대와 지상포병구분대들의 야간해상화력타격연습 참관,"황병서,박영식,렴철성,윤동현,박정천,홍영칠",,,,
2015.06.15,인민군 제2차 군단예술선전대 경연에 당선된 예술선전대들의 공연관람,"황병서,박영식,리영길,렴철성,윤동현,박정천",,,,
2015.06.15,인민군 해군부대들에 실전 배치되는 신형 반함선 로케트 발사훈련 참관,,,,,
2015.06.13,고사포병군관학교 시찰,"황병서,박정천",,,,
2015.06.09,조국해방전쟁사적지 현지지도,"황병서,최룡해,리재일",,,,
2015.06.06,인민군 제810군부대산하 평양생물기술연구원 현지지도,"황병서,리재일,조용원",,,,
2015.06.03,원산육아원애육원 건설에서 위훈을 세운 군인건설자들과 기념사진 촬영,"리재일,김여정,안동윤",,,,
2015.06.02,원산육아원 애육원 현지지도,"황병서,리재일,조용원",,,,
2015.06.01,조선인민군 제810군부대 산하 1116호 농장 현지지도,"황병서,조남진,리재일,조용원",,,,
2015.05.29,인민군대에서 새로 꾸리고 있는 종합양묘장 현지지도,"황병서,박영식,리재일,김여정,조용원",,,,
2015.05.26,전략잠수함탄도탄수중시험발사 성공에 기여한 과학자 등과 함께 기념촬영,"김춘섭,리병철",,,,
2015.05.24,제264대연합부대 지휘부 시찰,"황병서,장창화",,,,
2015.05.23,조선인민군 제810군부대 산하 석막대서양연어종어장과 낙산바다연어양어사업소 현지지도,"황병서,리재일,조용원,장창화",,,,
2015.05.19,대동강 자라공장 현지지도,"황병서,오수용,리재일,조용원",,,,
2015.05.17,제2차 전국청년미풍선구자대회 참가자들과 기념촬영,"황병서,최룡해,리일환,전용남",,,,
2015.05.15,제810군부대 산하 신창양어장 현지지도,"황병서,김양건,오수용,오일정,리재일,조용원,박영식,오금철",,,,
2015.05.11,조선인민군 제580군부대 산하 안변양어장 현지지도,황병서,,,,
2015.05.11,조선인민군 제580군부대 산하 7월18일소목장 현지지도,황병서,,,,
2015.05.09,전략잠수함 탄도탄수중발사 시험 참관,,,,,
2015.05.09,신포원양수산연합기업소 현지지도,"오수용,조용원,강영철",,,,
2015.05.07,용성기계연합기업소 2월11일공장 현지지도,,,,,
2015.05.03,국가우주개발국 위성관제종합지휘소 현지지도,,,,,
2015.05.01,조선인민군 제5차 훈련일군대회 참가자들과 기념사진촬영,"황병서,리영길,박영식,렴철성,조경철,방관복",,,,
2015.04.26,조선인민군 제5차 훈련일군대회 진행,"황병서,현영철,리영길,조경철,박영식,렴철성",,,,
2015.04.22,완공을 앞둔 원산 육아원 애육원 현지지도,황병서,,,,
2015.04.20,백두산선군청년발전소 건설장 현지지도,"최룡해,리재일,전용남",,,,
2015.04.19,전투비행사 백두산지구 혁명전적지답사행군대와 백두산 등반,"황병서,최룡해,김양건,리재일,리병철",,,,
2015.04.19,인민군 전투비행사 백두산지구 혁명전적지답사행군대 격려,"황병서,최룡해,김양건,리재일,리병철",,,,
2015.04.16,경비행기 개발에 참여한 과학자 등과 함께 기념사진 촬영,"김춘섭,리병철,조춘룡,장창하",,,,
2015.04.15,금수산태양궁전 참배,"황병서,리영길,김원홍,김춘삼,박영식,조경철",,,,
2015.04.14,만경대상체육경기대회 남자축구경기 관람,"리설주,최룡해,최태복,김양건,곽범기,김평해",,,,
2015.04.12,평양국제비행장 2항공역사 건설장 현지지도,"김양건,리재일,리병철,김여정,김능오",,,,
2015.04.08,평양약전기계공장 현지지도,"홍영칠,윤동현",,,,
2015.04.04,인민군 해군 제164군부대 시찰,황병서,,,,
2015.04.01,전동렬이 사업하는 기계공장 현지지도,"황병서,오금철,리병철,조춘룡,홍영칠",,,,
2015.03.27,"금산포젓갈가공공장, 수산사업소 건설장 현지지도",,,,,
2015.03.27,제 7차 전국체육인대회 참가자들과 기념사진 촬영,,,,,
2015.03.24,새로 건설한 어분사료공장 현지지도,,,,,
2015.03.20,인민군 항공 및 반항공군의 비행장 타격 및 복구훈련 지도,"황병서,현영철,조경철,리병철,홍영칠",,,,
2015.03.18,조선인민군 어구종합공장 현지지도,,,,,
2015.03.14,5월 27일 수산사업소 건설장 현지지도,,,,,
2015.03.12,신도방어중대 시찰,김여정,,,,
2015.03.09,항공 및 반항공군 제1016군부대 시찰,"황병서,조경철,리병철,손철주",,,,
2015.03.06,평양시 양로원건설장 현지지도,"황병서,최태복,오수용,리재일,조용원,김여정",,,,
2015.03.03,항공 및 반항공군 제447군부대 방문 및 식수,"황병서,오일정,한광상,리병철,손철주",,,,
2015.02.28,조국해방전쟁승리기념관에 새로 꾸린 근위부대관 시찰,"황병서,최룡해,오일정,한광상,리재일,리병철,김여정",,,,
2015.02.27,과학기술전당 건설장 현지지도,"박봉주,오수용,한광복,한광상,리재일,조용원,조태산",,,,
2015.02.23,당 중앙군사위원회 확대회의 지도,,,,,
2015.02.21,섬화력 타격 및 점령을 위한 연습을 조직지도,"황병서,현영철,리영길,오일정,한광상,리병철",,,,
2015.02.18,당 중앙위원회 정치국 확대회의 지도,,,,,
2015.02.16,금수산태양궁전 방문,"황병서,현영철,리영길,김원홍,서홍찬,김춘삼,박영식,렴철성",,,,
2015.02.15,미래과학자거리 건설장 현지지도,"황병서,한광상",,,,
2015.02.12,8건설국 건설자들과 함께 기념사진 촬영,"한광상,김용수,리문곤",,,,
2015.02.11,"원산시 육아원, 애육원, 초등학원, 중등학원 건설장 현지지도","최룡해,황병서,현영철,한광상,조용원",,,,
2015.02.08,10월3일 공장 현지지도,"윤동현,홍영칠",,,,
2015.02.07,신형 반함선 로켓 시험발사 참관,"윤동현,진철수,홍영칠",,,,
2015.02.05,평양화장품공장 현지지도,"안정수,한광상,리재일,김여정,신만균",,,,
2015.02.02,인민무력부 기공구전시회장 참관,"황병서,현영철,렴철성,조경철,김정관",,,,
2015.02.02,군정간부회의 참가자들 및 인민군대 안의 공로자들과 기념촬영,"황병서,현영철,렴철성,조경철,김정관",,,,
2015.02.02,표창휴가를 보냈던 전투비행사들과 기념촬영,,,,,
2015.01.31,군종타격훈련 조직 지도,"황병서,현영철,리영길,김영철,리병철",,,,
2015.01.31,원산구두공장 현지지도,한광상,,,,
2015.01.27,인민군 도하공격연습 지도,,,,,
2015.01.24,"추격기, 폭격기연대들의 비행전투 훈련 지도","황병서,리영길,오금철,리병철",,,,
2015.01.21,류원신발공장 현지지도,"안정수,리재일,김여정",,,,
2015.01.18,금컵 체육인종합식료공장 현지지도,"최룡해,리일환,한광상,김여정",,,,
2015.01.16,강동정밀기계공장 현지지도,"한광상,리병철,김여정,홍영칠",,,,
2015.01.13,인민군 항공 및 반항공군 지휘부 시찰,"황병서,현영철,한광상,리병철,김여정",,,,
2015.01.10,새로 건설한 평양시 버섯공장 현지지도,"황병서,한광상,리재일,김여정",,,,
2015.01.07,인민군 비반충포사격 경기대회 지도,"황병서,현영철,윤동현,김명식,최영호,오일정,한광상,리병철,김여정",,,,
2015.01.02,평양육아원애육원 방문,"한광상,리재일,김여정",,,,
2015.01.01,2015년 새해 신년사 발표,,,,,
2015.01.01,금수산태양궁전 방문,"황병서,현영철,리영길,김원홍,서홍찬,김춘삼,박영식,렴철성,조경철",,,,
2014.12.30,제851군부대관하 여성 방사포병구분대들 포사격훈련지도,"최룡해,황병서,현영철,김영철,오금철,김명식,최영호,김영복,오일정,한광상,리병철,김여정",,,,
2014.12.28,수산부문과 후방일꾼들의 국가표창수여식 참가,"황병서,현영철,서홍찬,박영식,렴철성,조경철",,,,
2014.12.26,인민군 6월8일농장에 새로 건설한 남새온실 현지지도,"황병서,현영철,박영식,한광상,리재일",,,,
2014.12.25,군 2차 후방일꾼대회 참가자들과 기념촬영,"황병서,현영철,리영길,김정각,서홍찬,박영식,렴철성,조경철",,,,
2014.12.24,금수산태양궁전 방문,"황병서,현영철,리영길,김원홍,김정각,서홍찬,박영식,렴철성",,,,
2014.12.23,평양메기공장 현지지도,"최룡해,안정수,리재일",,,,
2014.12.20,김정숙평양방직공장 현지지도,"최룡해,안정수,한광상,리재일,박명순",,,,
2014.12.17,김정일 사망 3주기 중앙추모대회,"김영남,최룡해,박봉주,황병서,김기남,최태복,현영철,리영길,박도춘,양형섭,최영림,강석주,리용무,오극렬,현철해,김원홍,김양건,김평해,곽범기,오수용,최부일,로두철,조연준,태종수,김영대",,,,
2014.12.17,금수산태양궁전 방문,"리설주,김영남,최룡해,박봉주,황병서,김기남,최태복,현영철,리영길,박도춘,양형섭,강석주,김원홍,김양건,김평해,곽범기,오수용,최부일,로두철,조연준",,,,
2014.12.16,평양 어린이 식료품공장 현지지도,"최룡해,황병서,안정수,한광상,리재일,조용원",,,,
2014.12.13,해군 제189군부대 시찰,"최룡해,황병서,리영길,오일정,한광상",,,,
2014.12.09,군인가족예술소조종합공연 관람 및 연설,"리설주,황병서,서홍찬,렴철성",,,,
2014.12.09,제2차 군인가족열성자대회 참가자들과 기념촬영,"황병서,현영철,서홍찬,박영식,렴철성,조경철",,,,
2014.12.08,인민군 항공 및 반항공군 제 458군부대 시찰,"황병서,오일정,한광상,리병철",,,,
2014.12.06,5월9일메기공장 현지지도,한광상,,,,
2014.12.05,인민군 제1313군부대 시찰,"황병서,리영길,김영철,최귀헌",,,,
2014.12.02,인민군 제963군부대직속 포병중대 시찰,"황병서,박정천",,,,
2014.11.28,항공 및 반항공군 여성 추격기비행사 비행훈련 지도,"황병서,조경철,오금철,오일정,한광상",,,,
2014.11.27,조선 4.26만화영화촬영소 현지지도,"김기남,리재일,김여정,김의순",,,,
2014.11.25,신천박물관 현지지도,"김기남,한광상,리재일,김여정,박명철",,,,
2014.11.23,인민군 연합합동훈련 지도,"황병서,리영길,오일정,한광상",,,,
2014.11.21,조선인민군 항공 및 반항공군 제991군부대 시찰,"황병서,리병철,서홍찬,박정천",,,,
2014.11.19,제567군부대 산하 18호 수산사업소 현지지도,"황병서,서홍찬,윤동현,리병철,박정천,김양건,오일정,한광상,박명철,리재일,김여정",,,,
2014.11.17,인민군 제534군부대 산하 종합식료 가공공장 현지지도,"황병서,서홍찬",,,,
2014.11.15,조선인민군 2월20일공장 현지지도,"최룡해,황병서,서홍찬,한광상,리재일",,,,
2014.11.11,중앙양묘장 현지지도,"최룡해,최태복,오수용,한광상,리재일",,,,
2014.11.08,정성제약종합공장 현지지도,"최룡해,황병서,서홍찬,한광상,허환철",,,,
2014.11.05,"인민군 제3차 대대장, 대대정치지도원 대회 참가자들과 기념사진 촬영","황병서,현영철,리영길,김원홍,변인선,서홍찬,박영식,렴철성,조경철",,,,
2014.11.05,"인민군 제3차 대대장, 대대정치지도원 대회 참석",,,,,
2014.11.01,평양국제비행장 건설장 현지지도,"박봉주,황병서,김능오,마원춘",,,,
2014.10.30,항공 및 반항공군 전투비행사들의 검열비행훈련 지도,"최룡해,황병서,오일정,한광상",,,,
2014.10.29,여자축구경기 관람,"최룡해,황병서,최태복,현영철,박도춘,강석주,김양건,김평해,곽범기,오수용,로두철,조연준,김수길",,,,
2014.10.29,군인식당 현지지도,"리설주,최룡해,박봉주,김기남,김양건,한광상,리재일,박명철,마원춘",,,,
2014.10.26,완공된 평양육아원과 애육원 현지지도,"최룡해,김기남,한광상,리재일",,,,
2014.10.24,인민군 연합부대사이의 쌍방 실동훈련지도,"최룡해,오일정",,,,
2014.10.22,완공된 연풍과학자 휴양소 현지지도,"황병서,최룡해,한광상,박명철,김정관",,,,
2014.10.19,전투비행사들 훈련 지도,"황병서,최룡해,오일정,한광상",,,,
2014.10.19,금메달을 획득한 선수와 감독들 면담,"리설주,황병서,최룡해,오일정,한광상,박명철,김영훈,오금철,리종무",,,,
2014.10.17,김책공업종합대학 교육자살림집 현지지도,"최룡해,한광상",,,,
2014.10.14,위성과학자주택지구 및 국가과학원 자연에너지연구소 시찰,"황병서,최태복,최룡해,한광상,김정관",,,,
2014.09.03,모란봉악단 공연 관람,"리설주,황병서,김기남,최룡해,김양건,김여정,리재일",,,,
2014.08.31,10월8일공장 현지지도,"황병서,한광상,홍영칠,김정관",,,,
2014.08.30,군인들과 기념촬영,"황병서,리영길,변인선,오금철,리병철,김명식,방관복,장동운,박태수",,,,
2014.08.28,강하 및 대상물 타격훈련 지도,"황병서,리영길,변인선,오금철,리병철,방관복,장동운",,,,
2014.08.24,인민군 11월2일공장 현지지도,"황병서,서홍찬,한광상",,,,
2014.08.20,완공된 조선인민군 제621호 육종장 현지지도,"황병서,김정관",,,,
2014.08.18,연풍과학자휴양소건설장 현지지도,"황병서,마원춘,김정관",,,,
2014.08.15,갈마식료공장 현지지도,한광상,,,,
2014.08.15,전술로케트탄 시험발사 지도,"황병서,리영길,변인선,박정천,홍영칠",,,,
2014.08.13,평양육아원 애육원 건설장 현지지도,"황병서,한광상,마원춘",,,,
2014.08.13,김책공업종합대학 교육자살림집 건설장 현지지도,"황병서,한광상,마원춘",,,,
2014.08.12,국가종합팀 여자축구 검열경기 지도,"황병서,최룡해",,,,
2014.08.10,남자 배구경기 관람,,,,,
2014.08.10,전동렬이 사업하는 기계공장 현지지도,"황병서,리병철,한광상,조춘룡,홍영칠,장창하",,,,
2014.08.07,평양양말공장 현지지도,"리재일,한광상",,,,
2014.08.05,천지윤활유공장 현지지도,"황병서,리재일,한광상",,,,
2014.08.03,천리마타일공장 현지지도,"황병서,리재일,한광상,김정관",,,,
2014.07.28,인민군 장병들과 함께 공훈국가합창단 공연 관람,"황병서,리영길,현영철,변인선,서홍찬,박영식,렴철성,조경철",,,,
2014.07.27,인민군 지휘성원들과 함께 조국해방참전열사묘를 찾아 경의표시,"황병서,리영길,현영철",,,,
2014.07.27,"정전협정체결(조국해방전쟁승리, 7.27)61주년 즈음 열린 4.25팀과 압록강팀의 남자배구경기 관람","황병서,오금철,윤동현,박정천,최룡해,리재일,한광상,김영훈,리종무",,,,
2014.07.27,"정전협정체결(조국해방전쟁승리, 7.27)61주년즈음 금수산 태양궁전 참배","황병서,리영길,현영철,변인선,서홍찬,박영식,렴철성,조경철",,,,
2014.07.26,인민군 전략군의 로케트 발사시험 또다시 현지지도,"황병서,리영길,윤동현,리병철,오금철,박정천",,,,
2014.07.26,원산구두공장 현지지도,"황병서,리재일,한광상",,,,
2014.07.24,고산과수농장 현지지도,"황병서,리재일,한광상",,,,
2014.07.20,국가종합팀 남자축구 검열경기 지도,"최룡해,김양건,황병서,리영길,현영철",,,,
2014.07.18,군 예술선전대 공연 지도,,,,,
2014.07.18,성천강그물공장과 수지관직장 현지지도,"황병서,한광상,마원춘",,,,
2014.07.17,천아포수산연구소  현지지도,"황병서,한광상",,,,
2014.07.15,포실탄사격훈련 지도,"황병서,리영길,서홍찬,박정천",,,,
2014.07.15,민경초소 등 시찰,"황병서,리영길,서홍찬,박정천",,,,
2014.07.11,평양 국제비행장 항공역사 건설장 현지지도,"황병서,마원춘",,,,
2014.07.10,고 전병호 빈소 방문,"황병서,리영길,현영철,박도춘,윤동현,조춘룡,주규창,최춘식",,,,
2014.07.10,전술로켓발사훈련 현지지도,"황병서,박정천,윤동현,홍영칠",,,,
2014.07.08,김일성 사망 20주기 중앙추모대회 참석,,,,,
2014.07.08,금수산태양궁전 참배,"황병서,리영길,현영철,변인선,서홍찬,박영식,렴철성,조경철",,,,
2014.07.07,동해안 웅도방어대 시찰,"황병서,박정천",,,,
2014.07.06,송도원 국제소년단야영소 현지지도,"한광상,마원춘,김여정",,,,
2014.07.05,섬 상륙전투훈련 지도,"황병서,리영길,변인선",,,,
2014.07.02,해군 지휘관들의 수영 능력 판정훈련 지도,"황병서,변인선,박정천",,,,
2014.07.01,화도방어대 시찰,"황병서,박정천",,,,
2014.06.30,전술로케트 발사훈련 지도,황병서,,,,
2014.06.29,갈마식료공장 현지지도,한광상,,,,
2014.06.27,초정밀화된 전술유도탄 시험발사 지도,"황병서,변인선,박정천,홍영칠",,,,
2014.06.25,"평양육아원, 애육원 건설현장 현지지도","한광상,마원춘",,,,
2014.06.20,5월1일경기장 개건현장 현지지도,"황병서,최룡해,한광상,마원춘,김정관",,,,
2014.06.20,위성과학자거리 건설장 현지지도,"황병서,최룡해,한광상,마원춘,김정관",,,,
2014.06.18,김정일 당사업 개시 50돌 경축  중앙보고대회 참석,,,,,
2014.06.16,해군 제 167군부대 시찰,"황병서,변인선",,,,
2014.06.14,인민군 제863군부대 시찰,황병서,,,,
2014.06.13,여도방어대 시찰,"황병서,변인선,최룡해,한광상",,,,
2014.06.10,기상수문국 현지지도,"황병서,최태복,최룡해,한광상,리재일",,,,
2014.06.10,남새전문 협동농장 현지지도,"황병서,최룡해,한광상",,,,
2014.06.07,만경대 혁명학원 방문,"황병서,최룡해,한광상,마원춘",,,,
2014.06.05,대동강 과수종합농장과 대동강 과일종합가공공장 시찰,"리설주,박봉주,황병서,리재일,최휘",,,,
2014.06.02,급강하 물미끄럼대 관람,"황병서,최태복,최룡해,마원춘",,,,
2014.06.02,쑥섬개발사업 현지지도,"황병서,최태복,최룡해,마원춘",,,,
2014.06.02,평양 애육원 방문,황병서,,,,
2014.05.31,만경대학생소년궁전 시찰,"최룡해,리일환,한광상,마원춘",,,,
2014.05.29,과학자휴양소건설장 시찰,"황병서,변인선,마원춘",,,,
2014.05.28,용문술공장 현지지도,"황병서,서홍찬,한광상",,,,
2014.05.27,허철용이 사업하는 기계공장 현지지도,"윤동현,홍영칠,마원춘",,,,
2014.05.26,대관유리공장 현지지도,"황병서,장정남,변인선,윤동현,박정천,홍영칠",,,,
2014.05.25,천마전기기계공장 현지지도,"황병서,장정남,변인선,윤동현,박정천,홍영칠",,,,
2014.05.21,김책공업종합대학 교육자살림집 건설장 시찰,"최태복,마원춘",,,,
2014.05.20,모란봉악단 축하공연 관람,"리설주,황병서,김기남,최태복,최룡해,김여정",,,,
2014.05.19,대성산종합병원 시찰,"리설주,황병서,마원춘",,,,
2014.05.16,활쏘기경기 관람,"황병서,변인선,박영식,렴철성,조경철,김영철,오금철,박정천,마원춘",,,,
2014.05.16,남자 축구경기 관람,"황병서,변인선,박영식,렴철성,조경철,김영철,오금철,박정천,마원춘",,,,
2014.05.14,항공 및 반항공군 제447군부대 시찰,"황병서,렴철성,조경철,윤동현,홍영칠,마원춘",,,,
2014.05.14,1월18일기계종합공장 방문,"황병서,렴철성,윤동현,홍영칠,마원춘",,,,
2014.05.10,전투비행술경기대회 지도,"리설주,황병서,변인선,서홍찬,조경철,윤동현,리병철,김영철,오금철,박정천,장동운",,,,
2014.05.06,군인건설자들과 기념사진 촬영,"황병서,장정남,김정관",,,,
2014.05.03,인민군 제267부대 군인건설자들과 기념사진 촬영,"황병서,로경준,김진근",,,,
2014.05.02,"전국소년 축구경기대회 결승경기, 모란봉악단 축하공연 및 축포발사 관람","황병서,김기남,최태복,최룡해,한광상,리일환,최휘,마원춘,김여정,전용남",,,,
2014.05.02,송도원국제소년단야영소 준공식 참석,"황병서,김기남,최태복,최룡해,한광상,리일환,최휘,마원춘,김여정,전용남",,,,
2014.04.30,김정숙평양방직공장 노동자합숙소 시찰,"황병서,박영식,마원춘",,,,
2014.04.27,장거리 포병구분대 포사격훈련 지도,"황병서,리영길,장정남",,,,
2014.04.27,당 중앙군사위원회 확대회의 진행,,,,,
2014.04.26,제681군부대 관하 포병구분대 포사격훈련 지도,윤동현,,,,
2014.04.24,제851군부대 산하 여성 방사포병구분대 포사격훈련 지도,,,,,
2014.04.22,1월8일수산사업소 시찰,"장정남,서홍찬,한광상,황병서,리재일,김병호,마원춘",,,,
2014.04.22,항공 및 반항공군 제 188군부대 비행훈련지도,"장정남,서홍찬,한광상,황병서,리재일,김병호,마원춘",,,,
2014.04.21,송도원 국제소년단야영소 시찰,"장정남,서홍찬,한광상,황병서,마원춘",,,,
2014.04.20,비행사대회 참가자들과 기념촬영,"리영길,장정남,서홍찬,황병서,리병철,장동운",,,,
2014.04.20,모란봉악단 공연 관람,"리설주,리영길,장정남,서홍찬,황병서,리병철,장동운,김여정",,,,
2014.04.20,조선인민군 제1차 비행사대회 진행,"리영길,장정남,서홍찬,황병서,리병철,장동운",,,,
2014.04.15,금수산태양궁전 방문,"최룡해,리영길,장정남,김원홍,최부일,변인선,서홍찬,박영식,김동화",,,,
2014.04.11,최고인민회의 제 13기 대의원들과 기념촬영,"김영남,박봉주,최룡해,리영길,장정남,최을설,김철만,김기남,최태복,양형섭,최영림,리용무,박도춘,강석주,김원홍",,,,
2014.04.09,최고인민회의 제 13기 제 1차 회의 진행,"김영남,박봉주,최룡해,리영길,장정남,김기남,최태복,박도춘,양형섭,최영림,강석주,리용무,김원홍,최부일,김양건,김평해,곽범기,오수용,로두철,조연준,태종수,김영태",,,,
2014.04.09,당 중앙위 정치국 회의 진행,,,,,
2014.04.07,여자축구 경기 관람,"최룡해,리영길,장정남,김수길,김동화,조경철,김영철,리병철,김명식,장동운,박태수,윤정린,한광상,황병서,리재일,박태성,김승연",,,,
2014.04.06,남자축구 경기 관람,"리영길,장정남,변인선,김수길,오금철,노광철,조경철,리병철,김명식,장동운,윤정린,한광상,황병서,리재일,박태성,김승연",,,,
2014.04.02,백두산 전적지 답사행군에 참가한 군 연합부대 지휘관들과 담화,"최룡해,장정남,변인선,서홍찬,윤동현,리병철,김영철,박정천",,,,
2014.04.02,양강도 순회공연 예정인 모란봉악단 공연 관람,"최룡해,리영길,장정남,변인선,서홍찬,김수길,김명식,박태수,김영철,조경철,한광상",,,,
2014.03.23,모란봉악단 공연 관람,"리설주,최룡해,장정남,변인선,서홍찬,김수길,김영철,조경철,리병철,김기남,박도춘,김평해,한광상,김경옥,리재일,김병호,김여정",,,,
2014.03.22,"류경구강병원, 옥류아동병원 현지지도","최태복,한광상,황병서,리재일",,,,
2014.03.20,강태호가 사업하는 기계공장 현지지도,"한광상,황병서,홍영칠",,,,
2014.03.19,김정숙해군대학과 김책항공군대학 교직원들의 사격경기 지도,"최룡해,리영길,장정남,변인선,서홍찬,김수길,김명식,리병철,김영철,조경철,박태수,장동운,한광상,황병서",,,,
2014.03.17,당중앙 군사위원회 확대회의 진행,,,,,
2014.03.17,모란봉악단 공연 관람,"최룡해,리영길,장정남,김원홍,최부일,한광상,김경옥,황병서,홍영칠,마원춘,김여정",,,,
2014.03.17,제188군부대 비행훈련 지도,"최룡해,리영길,장정남,김원홍,최부일,한광상,김경옥,황병서,홍영칠,마원춘",,,,
2014.03.17,인민군 지휘성원들의 사격경기 지도,,,,,
2014.03.12,새로 개건하고 있는 중앙동물원 방문,"한광상,리재일,황병서,마원춘",,,,
2014.03.12,군사학교 교직원들의 사격경기 지도,"최룡해,장정남,변인선,서홍찬,김수길,김영철,조경철,황병서",,,,
2014.03.11,조선인민군 예술선전대 공연관람,"최룡해,장정남,서홍찬,김수길,조경철,황병서",,,,
2014.03.09,김일성정치대학 방문 및 대의원 선거 투표,"최룡해,김경옥,황병서,김여정",,,,
2014.03.07,인민군 항공 및 반항공군 제2620군부대 비행훈련 지도,"최룡해,장정남,윤동현,리병철,박정천,한광상,황병서,홍영칠,마원춘",,,,
2014.03.03,평양약전기계공장 현지지도,"강관일,황병서,홍영칠",,,,
2014.02.26,당 제8차 사상일꾼대회 참가자들과 사진촬영,"김기남,최태복,김평해,곽범기,김창섭,조연준,김경옥,리재일,최휘,황병서,동영일",,,,
2014.02.26,당 제8차 사상일꾼대회 폐막식 참석,,,,,
2014.02.24,송도원 국제소년단야영소 시찰,"한광상,황병서,마원춘,전용남",,,,
2014.02.23,1월8일수산사업소 건설장 시찰,"한광상,황병서,마원춘",,,,
2014.02.20,인민군 11월2일공장 현지지도,"서홍찬,황병서",,,,
2014.02.18,군인들의 체육경기 관람,"리설주,리영길,장정남,서홍찬,김명식,리병철",,,,
2014.02.18,공훈국가합창단 공연관람,"리설주,리영길,장정남,변인선,서홍찬",,,,
2014.02.16,금수산태양궁전 방문,"최룡해,리영길,장정남,변인선,서홍찬,김수길,렴철성",,,,
2014.02.15,김정일 생일 경축 중앙보고대회 개최,,,,,
2014.02.15,노농적위군 지휘성원 열성자회의 참가자들과 기념사진,"최부일,오일정",,,,
2014.02.12,경기용총탄공장과 메아리사격관 방문,"최부일,마원춘",,,,
2014.02.10,전국 농업부문 분조장대회 참가자들과 기념촬영,"김기남,최태복,김평해,곽범기,조연준,리재일,리철만",,,,
2014.02.04,"평양시 육아원, 애육원 방문","김평해,리재일,박태성,황병서,마원춘",,,,
2014.01.28,조선인민군 제323군부대 군인들과 기념사진 촬영,"리영길,김수길,리병철,황병서",,,,
2014.01.23,군 제323군부대 전술훈련 지도,"리영길,김수길,리병철,김영철,박정천,황병서",,,,
2014.01.23,마두산혁명전적지 시찰,"황병서,마원춘,김영철,박정천",,,,
2014.01.20,군 항공육전병구분대들 야간훈련 지도,"최룡해,리영길,장정남,변인선,김격식,김수길,리병철,박정천,황병서",,,,
2014.01.17,조선인민군 군악단 연주회 지도,"최룡해,리영길,김수길,렴철성,최휘,황병서",,,,
2014.01.15,국가과학원 현지지도,"최태복,한광복,리재일,박태성,황병서,마원춘",,,,
2014.01.12,인민군 제534군부대 지휘부 시찰,"최룡해,김경옥,황병서",,,,
2014.01.08,美 NBA 이전 선수들과 북한 선수들의 농구경기 관람,"리설주,박봉주,최룡해,강석주",,,,
2014.01.07,수산물 냉동시설 시찰,"최룡해,서홍찬,박정천,조남진,황병서,김병호",,,,
2014.01.01,금수산태양궁전 방문,"리설주,김영남,박봉주,최룡해,리영길,장정남,김기남,최태복,박도춘,김영춘,양형섭,강석주,김원홍",,,,
2014.01.01,2014년 새해 신년사 발표,,,,,
2013.12.31,마식령스키장 시찰,"최룡해,리영길,장정남,강석주,김양건,한광상,전일춘,리재일,박태성,김병호,마원춘,박명철",,,,
2013.12.28,인민군 초병대회 참가자들과 함께 기념사진 촬영,"최룡해,김원홍,김경옥,황병서",,,,
2013.12.28,"인민군 초병대회 참가자들과 함께 인민군 제3168군부대, 제695군부대 군인들의 격술훈련 참관","최룡해,김원홍,김경옥,황병서",,,,
2013.12.27,군 수산부문 열성자회의 참가자들과 기념촬영,"최룡해,리영길,장정남",,,,
2013.12.27,군 수산부문 모범적 일꾼들에 대한 `당 및 국가표창 수여식` 참석,"최룡해,리영길,장정남",,,,
2013.12.25,조선인민군 제526대연합부대 지휘부 방문 및 장병들 축하,"최룡해,리영길,장정남,서홍찬,김수길,박정천,박태성,김동화",,,,
2013.12.24,금수산태양궁전 방문,"최룡해,리영길,장정남,변인선,서홍찬,김수길,렴철성",,,,
2013.12.17,금수산태양궁전 방문,"리설주,김영남,박봉주,최룡해,리영길,장정남,김기남,최태복,박도춘,김영춘,양형섭,강석주,김원홍",,,,
2013.12.17,김정일 사망 2주기 중앙 추모대회,,,,,
2013.12.16,고 김국태 빈소 방문,"최룡해,김기남,김원홍,김평해,리재일,황병서,마원춘",,,,
2013.12.16,8월25일수산사업소 현지지도,"황병서,마원춘",,,,
2013.12.15,마식령스키장 현지지도,"황병서,마원춘",,,,
2013.12.14,조선인민군 설계연구소 현지지도,"최룡해,장정남,황병서",,,,
2013.12.09,중앙위 정치국 확대회의,,,,,
2013.11.30,삼지연 혁명전적지 방문,"김원홍,김양건,한광상,박태성,황병서,김병호,홍영칠,마원춘",,,,
2013.11.30,삼지연군 여러부문사업 현지지도,"김원홍,김양건,한광상,박태성,황병서,김병호,홍영칠,마원춘",,,,
2013.11.30,항공 및 반항공군 제991군부대 방문,"최룡해,김영철,황병서",,,,
2013.11.27,평양건축종합대학 현지지도,"박봉주,최태복,리재일,최휘,마원춘",,,,
2013.11.21,군 제2차 보위일꾼대회 참가자들과 기념촬영,"최룡해,김원홍,김수길,렴철성,조경철,황병서",,,,
2013.11.21,군 제2차 보위일꾼대회 참가자들과 공훈국가합창단 공연 관람,"최룡해,김원홍,김수길,렴철성,조경철,황병서",,,,
2013.11.21,조선인민군 제2차 보위일꾼대회 참석,"최룡해,김원홍,김수길,렴철성,조경철",,,,
2013.11.20,김일성군사종합대학에 새로 건설하고 있는 김정일군사연구원 시찰,"최룡해,장정남,황병서,마원춘",,,,
2013.11.16,조선인민군 제354호 식료공장 현지지도,"최룡해,장정남,서홍찬,황병서",,,,
2013.11.16,만경봉체육단의 축구훈련장 시찰,"최룡해,리영길,장정남,한광상,황병서,마원춘",,,,
2013.11.14,전국과학자기술자대회 참가자들과 기념촬영,"박봉주,최태복,오극렬,곽범기,문경덕,로두철,김용진,한광복",,,,
2013.11.12,인민군 11월2일 공장 현지지도,"최룡해,황병서",,,,
2013.11.11,군 제4차 적공일꾼 열성자회의 참가자들과 기념촬영,"최룡해,리영길,장정남,변인선,김수길,렴철성",,,,
2013.11.08,조명록사망 3돌즈음 인민무력부혁명사적관 &#39;최고사령관과 전우관&#39; 방문,"최룡해,김수길,렴철성,리재일,황병서",,,,
2013.11.02,마식령스키장 건설장 방문,"최룡해,렴철성,황병서,김동화,홍영칠,마원춘,조남진",,,,
2013.11.01,선박공장 현지지도,최룡해,,,,
2013.11.01,전투임무 수행중에 희생된 조선인민군 해군 용사들 묘 방문,"최룡해,렴철성,김명식,황병서,김동화,홍영칠,마원춘,박태수,조남진",,,,
2013.10.30,제267군부대 군인건설자들과 기념촬영,,,,,
2013.10.30,제4차 중대장·중대정치지도원대회 참가자들과 함께 인민군 화력타격훈련 참관,"최룡해,리영길,장정남,변인선,김수길,렴철성,리병철,김영철,박정천,림광일,한광상,김경옥",,,,
2013.10.29,조선인민군 제4차 중대장·중대정치지도원대회 참가자들의 사격경기대회 지도,"최룡해,리영길,장정남",,,,
2013.10.27,군무자예술축전에 당선된 중대군인들의 공연 관람,"최룡해,리영길,장정남,김원홍,김창섭,변인선,서홍찬,김수길,렴철성,김영철,조경철,황병서",,,,
2013.10.25,군 제5차 중대장·중대정치지도원대회 참가자들과 &#39;모란봉악단·공훈국가합창단&#39; 합동공연 관람,"최룡해,리영길,장정남,김원홍,최부일",,,,
2013.10.25,군 제4차 중대장·중대정치지도원대회 참가자들과 기념촬영,"최룡해,리영길,장정남,김원홍,최부일",,,,
2013.10.25,군 제4차중대장·중대정치지도원대회진행,"최룡해,리영길,장정남,김원홍,김창섭,최부일",,,,
2013.10.20,미림승마구락부 시찰,"최룡해,마원춘",,,,
2013.10.15,모란봉악단과 공훈국가합창단 합동공연 관람,"최룡해,김기남,김격식",,,,
2013.10.15,러시아 21세기관현악단 공연 관람,"리설주,김기남",,,,
2013.10.13,미림승마구락부 시찰,"최룡해,마원춘",,,,
2013.10.13,문수물놀이장 시찰,"최룡해,마원춘",,,,
2013.10.13,김정숙평양방직공장 현지지도,"박봉주,백계룡,박명순,안정수",,,,
2013.10.11,전투함정들 시찰 및 기동훈련 지도,"리영길,김명식,주규창,홍영칠",,,,
2013.10.10,리설주와 함께 &#39;당 창건&#39; 68돌 경축 합동공연 관람,"리설주,박봉주,최룡해,장성택,리영길,장정남,김기남,최태복,박도춘,강석주,김원홍,김양건,김영일,김평해,곽범기,문경덕,최부일,조연준,태종수",,,,
2013.10.10,전국 도대항 체육경기 결승경기 관람,"리설주,박봉주,최룡해,장성택,김기남,박도춘,강석주,김원홍,김양건,김평해,문경덕,로두철,최부일,조연준,태종수",,,,
2013.10.10,금수산태양궁전 방문,"최룡해,리영길,장정남",,,,
2013.10.10,김일성종합대학 교육자살림집 준공식,"리설주,박봉주,김기남,최태복,문경덕,김용진,태형철,김태희",,,,
2013.10.08,조선인민군 제621호 육종장 현지지도,"최룡해,장정남,황병서,홍영칠",,,,
2013.10.08,일용품공장 현지지도와 공장현대화과업 제시,"리만건,홍영칠",,,,
2013.10.07,국가과학원 중앙버섯연구소 현지지도,"최룡해,최태복,리재일,박태성,황병서",,,,
2013.10.05,아동병원 건설장 시찰,"장성택,박춘홍,마원춘,허환철",,,,
2013.09.28,김일성종합대학 교육자살림집 건설장 현지지도,"최태복,마원춘,태형철,김태히",,,,
2013.09.24,5월1일경기장,"최룡해,장성택,로두철,리영수,박태성,마원춘,리종무",,,,
2013.09.23,구강병원 건설장 현지지도,"한광상,박태성,마원춘,허환철",,,,
2013.09.22,미림승마구락부 건설장 현지지도,"최룡해,장성택,박태성,마원춘",,,,
2013.09.22,문수물놀이장 건설장 현지지도,"최룡해,장성택,박태성,마원춘",,,,
2013.09.18,문수물놀이장 시찰,"박태성,마원춘",,,,
2013.09.15,역도선수권대회 경기 관람,"리설주,박봉주,최룡해,장성택,장정남,김기남,리영수",,,,
2013.09.14,입체율동영화관과 전자오락관들 시찰,"장성택,리재일,박춘홍,마원춘",,,,
2013.09.14,평양체육관 시찰,"장성택,리재일,마원춘",,,,
2013.09.09,조선인민내무군협주단 공연 관람,"리설주,박봉주,최룡해,장성택,리영길,김경희,김기남,최부일",,,,
2013.09.08,은하과학자거리 시찰,"박봉주,최룡해,김인식,최휘,박태성,홍영칠,마원춘",,,,
2013.09.06,로드맨과 담화 및 농구경기 관람,리설주,,,,
2013.09.03,월내도 방어대 시찰,"최룡해,리영길,장정남,박정천,박태성,황병서,마원춘",,,,
2013.09.03,룡연바닷가 양어사업소 현지지도,"최룡해,리영길,장정남,박정천,박태성,황병서,마원춘",,,,
2013.09.02,무도영웅방어대 시찰,"최룡해,리영길,장정남,박정천,박태성,황병서,마원춘",,,,
2013.09.02,장재도방어대 시찰,"최룡해,리영길,장정남,박정천,박태성,황병서,마원춘",,,,
2013.09.02,애국돌공장 현지지도,"최룡해,리영길,장정남,박정천,박태성,황병서,마원춘",,,,
2013.09.01,인민내무군협주단 공연 관람,"리설주,박봉주,장성택,김경희,김기남,김양건,최부일",,,,
2013.08.28,횃불컵 1급남자축구 결승경기 관람,"박봉주,최룡해,장성택,리영길,장정남,김경희,김기남,최태복,강석주,김양건,김평해,문경덕,로두철,조연준",,,,
2013.08.25,선군절 경축연회 참가,,,,,
2013.08.25,당중앙군사위원회 확대회의 주재,,,,,
2013.08.24,전투함선 기동훈련 지도,"윤동현,박정천,김명식,리병철,황병서,홍영칠,김병호",,,,
2013.08.20,인민군 과학기술전람관 시찰,"최룡해,장정남,리영길,윤동현",,,,
2013.08.17,인민군 제3404군부대 시찰,최룡해,,,,
2013.08.17,마식령스키장 건설장 현지지도,"최룡해,박태성,황병서,김병호,마원춘,전창복,김영철,오금철",,,,
2013.08.14,남자 축구경기 관람,"박봉주,최룡해,장성택,장정남,김경희,김기남,최태복,강석주,김원홍,김양건,김영일,김평해,곽범기,문경덕,로두철,최부일,조연준",,,,
2013.08.13,김일성종합대학 과학자살림집 건설장 방문,"최태복,리재일,박태성,마원춘",,,,
2013.08.10,5월11일공장 현지지도,"리재일,김병호",,,,
2013.08.09,문수물놀이장 건설장 시찰,"박태성,황병서,마원춘,김수길",,,,
2013.08.09,미림승마구락부 건설장 시찰,"박태성,황병서,마원춘,김수길",,,,
2013.08.07,과학자살림집 건설장 시찰,"최룡해,황병서,마원춘",,,,
2013.08.07,평양체육관 시찰,"최룡해,황병서,마원춘",,,,
2013.08.03,모란봉악단 공연 관람,"리설주,최룡해,김격식,장정남,리영길,문경덕,오일정,김경옥,김영철",,,,
2013.08.02,열병식 참가 전쟁노병들 지휘성원들과 기념사진 촬영,"최룡해,장정남,리영길,문경덕,오일정",,,,
2013.07.31,양궁경기 관람,"최룡해,장성택,김경희,강석주,리영수,리영길,박태성,황병서,김병호,김영훈,마원춘,김영철,오금철,리종무,리주봉,전용남",,,,
2013.07.31,2013년 동아시아컵 여자축구경기대회 참가 선수들 접견,"최룡해,장성택,김경희,강석주,리영수,리영길,박태성,황병서,김병호,김영훈,마원춘,김영철,오금철,리종무,리주봉,전용남",,,,
2013.07.31,남자축구경기 관람,"최룡해,장성택,김경희,강석주,리영수,리영길,박태성,황병서,김병호,김영훈,마원춘,김영철,오금철,리종무,리주봉,전용남",,,,
2013.07.30,전쟁노병 대표들과 기념사진 촬영,"박봉주,최룡해,장성택,장정남,최태복,양형섭,리용무,오극렬,김원홍,최부일,리병삼,주규창,리을설,황순희,김철만",,,,
2013.07.30,해외동포들과 기념사진 촬영,"박봉주,최룡해,장성택,장정남,양형섭,김양건",,,,
2013.07.29,성흥혁명사적지 방문,"박봉주,최룡해,장성택,김격식,장정남,김경희,김원홍,김양건,최부일,리영길,김경옥,김영철,박정천,박태성,황병서,김병호,김계관",,,,
2013.07.29,중국인민지원군열사능원에 헌화,"박봉주,최룡해,장성택,김격식,장정남,김경희,김원홍,김양건,최부일,리영길,김경옥,김영철,박정천,박태성,황병서,김병호,김계관",,,,
2013.07.28,경축연회 참석,"최룡해,장성택,김경희,김기남,김영춘,강석주,김원홍,김양건,최부일",,,,
2013.07.27,축포야회 참석,"최룡해,김기남,김격식",,,,
2013.07.27,조국해방전쟁승리기념관 개관식 참석,"김영남,박봉주,최룡해,장성택,장정남,김격식,김경희,김기남,최태복,양형섭,강석주,김양건,김영일,김평해,곽범기,문경덕,조연준,김영춘,김원홍,최부일,김창섭,리병삼,로두철",,,,
2013.07.27,열병식 및 평양시 군중대회 참석,"김영남,박봉주,최룡해,장성택,장정남,김격식,김경희,김국태,김기남,최태복,최영림,양형섭,강석주",,,,
2013.07.27,금수산기념궁전 방문,"김영남,박봉주,최룡해,장성택,김격식,장정남,김경희,김기남,최태복,양형섭,김영춘,김원홍",,,,
2013.07.27,중앙보고대회 참석,"김영남,박봉주,최룡해,김영대",,,,
2013.07.27,방문 중인 각국 대표단 단장들과 만남,"김영남,박봉주,최룡해,장성택,김격식,장정남,김경희,김기남",,,,
2013.07.27,아리랑 공연 관람,"김영남,박봉주,최룡해",,,,
2013.07.25,중국 부주석 등 대표단 접견,김계관,,,,
2013.07.25,조국해방전쟁 참전 열사묘 준공식 참석,"박봉주,최룡해,장성택,김격식,장정남,김경희,김기남,최태복,김영춘,양형섭,강석주,김원홍,김양건,김영일,김평해,곽범기,문경덕,로두철,최부일,조연준",,,,
2013.07.24,시리아 대표단 접견,"김기남,김양건,김계관",,,,
2013.07.16,아동병원과 구강병원 방문,"박봉주,리재일,마원춘,허환철",,,,
2013.07.15,버섯공장 방문,"최룡해,장정남,전창복,한광상,김경옥,황병서,마원춘",,,,
2013.07.11,조국해방전쟁승리기념관 시찰,"박봉주,최룡해,김기남,최태복,김영일,김양건,김평해,곽범기,문경덕,한광상,리재일,박태성,조경철",,,,
2013.07.08,금수산기념궁전 방문,"박봉주,최룡해,장성택,김격식,김원홍,현철해,최부일,주규창,김경옥",,,,
2013.07.03,강동정밀기계공장 방문,"최룡해,황병서,홍영칠",,,,
2013.07.01,완공을 앞둔 조국해방전쟁승리기념관 시찰,"최휘,박태성,황병서,홍영칠,마원춘,윤동현,박정천,주도현",,,,
2013.07.01,완공단계에 이른 인민군열사 묘 시찰,"최휘,박태성,황병서,홍영칠,마원춘,윤동현,박정천,주도현",,,,
2013.07.01,과학자살림집건설장 시찰,"최휘,박태성,황병서,홍영칠,마원춘,윤동현,박정천,주도현",,,,
2013.06.30,인민군 제851군부대 포사격훈련 지도,"최룡해,리영길,박태성,황병서,홍영칠,윤동현,박정천,주도현,림광일",,,,
2013.06.29,신흥기계공장 방문,"최룡해,박태성,황병서,홍영칠,윤동현,박정천,주도현",,,,
2013.06.28,용성기계연합기업소 2월11일공장 방문,"박태성,황병서,홍영칠,윤동현",,,,
2013.06.23,모란봉악단 공연 관람,"최룡해,박태성,강관일,황병서,홍영칠,윤동현,박정천,김택구,류영섭",,,,
2013.06.23,장자강공작기계공장 방문,"최룡해,박태성,강관일,황병서,홍영칠,윤동현,박정천,김택구",,,,
2013.06.22,강계정밀기계종합공장 방문,"최룡해,박태성,강관일,황병서,홍영칠,윤동현,박정천,김택구,류영섭,김춘섭",,,,
2013.06.21,강계뜨락또르종합공장 방문,"최룡해,박태성,강관일,황병서,홍영칠,윤동현,박정천,김택구,류영섭",,,,
2013.06.19,항공 및 반항공군 제1017군부대 방문,"리설주,최룡해,윤동현,홍영칠,리병철",,,,
2013.06.19,남흥청년화학연합기업소 방문,"최룡해,박태성,김영남",,,,
2013.06.19,송학협동농장 남새온실 방문,"최룡해,박태성,김영남",,,,
2013.06.18,1월18일기계종합공장 방문,"최룡해,홍영칠,윤동현,한성호",,,,
2013.06.16,허철용이 사업하는 기계공장 현지지도,"최룡해,최휘,박태성,홍영칠,윤동현,손철주",,,,
2013.06.15,유평혁명사적지 방문,"최룡해,최휘,박태성,홍영칠",,,,
2013.06.14,대관유리공장,"최룡해,최휘,박태성,홍영칠,리만건",,,,
2013.06.13,창성군 여러부문 사업 지도,"최룡해,최휘,박태성,리만건",,,,
2013.06.13,창성군 여러부문 사업 지도,"최룡해,최휘,박태성,리만건",,,,
2013.06.10,평양국제축구학교와 능라인민체육공원 방문,"최룡해,장성택,리영수,박춘홍",,,,
2013.06.08,평양기초식품공장 방문,"최룡해,문경덕,백계룡,박태성,전창복",,,,
2013.06.06,조선소년단 7차대회 대표들과 기념사진 촬영,"최룡해,리영수,전용남",,,,
2013.06.06,조선소년단 7차대회 참석,"최룡해,리영수,김승두",,,,
2013.06.05,보성버섯공장 방문,"김경옥,최휘,박태성,황병서",,,,
2013.06.03,고산과수농장 방문,"김격식,최휘,박태성,박정천,안지용",,,,
2013.06.02,6.2 오성산 초소들과 제507군부대 방문,"김격식,박정천,안지용,최휘,박태성",,,,
2013.06.02,돼지공장 방문,"박정천,안지용,최휘,박태성",,,,
2013.05.31,성천강그물공장과 수지관직장 방문,"최룡해,장정남,손철주,최휘,박태성,마원춘",,,,
2013.05.31,마전해수욕장 방문,"최룡해,장정남,손철주,최휘,박태성,마원춘",,,,
2013.05.30,송도원 청년야외극장 방문,"최휘,박태성,마원춘",,,,
2013.05.30,송도원 국제소년단야영소 방문,"최휘,박태성,마원춘",,,,
2013.05.27,해군제291군부대방문 ,"손철주,전창복,박정천,서홍찬",,,,
2013.05.27,8월25일수산사업소 방문,"최룡해,김격식,장정남,리영길,손철주,렴철성,전창복,윤동현,조경철,안지용,김수길,황병서",,,,
2013.05.26,마식령스키장 방문,"손철주,전창복,박정천,서홍찬",,,,
2013.05.26,종합식료가공공장 방문,"손철주,전창복,박정천,서홍찬",,,,
2013.05.26,인민군 제639군부대관하 동해후방기지 방문,"손철주,전창복,박정천,서홍찬",,,,
2013.05.20,인민군 제405군부대 방문,"장정남,손철주,전창복,림광일,리만건",,,,
2013.05.20,제621호 육종장 방문,"장정남,손철주,전창복,림광일,리만건",,,,
2013.05.19,묘향산등산소년단 야영소 방문,"리설주,최룡해,최휘,박태성",,,,
2013.05.18,용문술공장 방문,"최룡해,전창복,박정천,서홍찬",,,,
2013.05.16,조선인민군 2월20일공장 방문,"최룡해,전창복",,,,
2013.05.14,기계공장 방문,"최룡해,리경심",,,,
2013.05.13,조선인민내무군협주단 공연 관람,"리설주,최룡해,장성택,장정남,김경희,김기남,최부일",,,,
2013.05.13,만수대창작사 창작사업 지도,"최휘,김의순",,,,
2013.05.08,"은하수관현악단 창작가, 예술인들 접견","리설주,최룡해,김기남,최휘",,,,
2013.05.06,인민군대에서 건설 중인 여러 대상들 방문,"최룡해,황병서,마원춘",,,,
2013.05.05,국가과학원 잔디연구소 방문,"최룡해,최태복,박태성,황병서",,,,
2013.05.03,은하수음악회 관람,"최룡해,김격식,황병서,강필훈,렴철성,조경철,김영철,박정천,전창복",,,,
2013.05.01,보건부문 근로자들의 체육경기 관람,"리설주,박봉주,최룡해,장성택,김경희,김기남,최태복,박도춘,김양건",,,,
2013.05.01,인민보안부 방문,"최룡해,장성택",,,,
2013.04.29,양각도축구경기장 방문,"리설주,최룡해,장성택,현영철,리영길",,,,
2013.04.29,남자축구결승전 관람 및 국제경기 선수 등 격려,"리설주,최룡해,장성택,현영철,김기남,최태복,김양건,김영일,김평해,곽범기,문경덕,주규창,최부일,김동일",,,,
2013.04.28,해당화관 방문,"리설주,박봉주,최룡해,장성택,현영철,김격식,김경희,김기남,최태복,강석주,김양건,김영일,김평해,곽범기,문경덕,오일정,백계룡,한광상",,,,
2013.04.25,금수산기념궁전 방문,"김영남,박봉주,최룡해,장성택,현영철,김격식,박도춘,김영춘,리용무,현철해,김원홍,오극렬,최부일,주규창,김창섭,리병삼",,,,
2013.04.25,경축연회 참석,"김영남,박봉주,최룡해",,,,
2013.04.25,인민군 예식 참석,"최룡해,장성택,현영철,김격식,박도춘,리용무,오극렬,현철해,김원홍,주규창,김창섭,최부일,리병삼,김영남,박봉주,김경희,김기남,최태복,양형섭,강석주,김양건,김영일,김평해,곽범기,조연준",,,,
2013.04.16,은하수음악회 관람,"최룡해,장성택,김경희,최태복,양형섭,강석주,곽범기",,,,
2013.04.16,군사학교 교직원 체육경기 관람,"최룡해,장성택,현영철,김격식,김경희,김경옥,황병서",,,,
2013.04.15,금수산기념궁전 방문,"최룡해,장성택,현영철,김격식,박도춘,김영춘,현철해,김원홍,최부일,주규창,김경옥,리영길,김영철,손철주,렴철성,조경철,윤동현,강표영,박정천,리병철,김명식,김락겸,윤정린",,,,
2013.04.02,최고인민회의 제7차회의 참석,"김영남,최룡해,박봉주,최영림,장성택,김경희,현영철,김격식,김기남,박도춘,김영춘,양형섭,리용무,강석주,오극렬,현철해,김원홍,김양건,김영일,김평해,곽범기,문경덕,주규창,김창섭,로두철,최부일,리병삼,조연준,태종수,김정각,리명수,김영대,류미영,장병규",,,,
2013.03.31,금수산기념궁전 방문,"김영남,최영림,최룡해,장성택,현영철,김경희,김격식,김기남,최태복,박도춘,양형섭,김영춘,리용무,강석주,현철해,김원홍,김정각,리명수,김양건,김영일,김평해,곽범기,문경덕,로두철,주규창,김창섭,리병삼,조연준,태종수",,,,
2013.03.31,당중앙위 전원회의 참석,,,,,
2013.03.29,전략로케트군 작전회의 참가,"현영철,리영길,김영철,김락겸",,,,
2013.03.28,전군 선전일꾼회의 참가자들과 사진촬영,"최룡해,현영철,김격식,김경옥,손철주,렴철성,조경철",,,,
2013.03.28,전군 선전일꾼회의 참석,"최룡해,현영철,김격식,김경옥,손철주,렴철성,조경철",,,,
2013.03.25,상륙 및 반상륙훈련 지도,"현영철,박정천,림광일",,,,
2013.03.24,식당배 대동강호 방문,,,,,
2013.03.24,인민군 제1501부대 방문,,,,,
2013.03.24,인민군대 여러 부문사업 지도,"최룡해,현영철,김격식,김경옥,렴철성",,,,
2013.03.23,인민군 제1973부대 관하 2대대 방문,"최룡해,현영철,김격식,황병서,손철주",,,,
2013.03.22,인민군 제1973부대 방문,"최룡해,황병서,박정천",,,,
2013.03.20,초정밀무인타격기의 대상물 타격과 자행고사로케트사격훈련 지도,"최룡해,리병철,박정천,손청남",,,,
2013.03.19,전국경공업대회 참가자들과 사진촬영,"최영림,김경희,김기남,문경덕,로두철,박봉주,리무영",,,,
2013.03.18,전국경공업대회 참석,"최영림,김경희,김기남,문경덕,로두철,태종수",,,,
2013.03.14,포병구분대들의 실탄사격훈련 지도,"최룡해,현영철,김격식,박도춘,리영길,손철주,김영철,박정천,림광일,리영래,김용남,안지용",,,,
2013.03.12,인민군 제531군부대 공연 관람,"최룡해,현영철,현철해,박정천",,,,
2013.03.11,장거리포병구분대 시찰,"최룡해,김격식,김영철,박정천,림광일,안지용",,,,
2013.03.11,월내도방어대 시찰,"최룡해,김격식,김영철,박정천,림광일,안지용",,,,
2013.03.11,용정양어장 방문,"최룡해,김격식,김영철,림광일,안지용",,,,
2013.03.08,청춘거리 체육촌 시찰,"최룡해,장성택,현영철,김격식,리영수,김영훈,량청송,마원춘,리종무",,,,
2013.03.08,활쏘기 경기 관람,"최룡해,장성택,현영철,김격식,리영수,김영훈,리종무",,,,
2013.03.07,장재도방어대와 무도방어대 재시찰,"최룡해,장성택,김격식,김영철,박정천,림광일,안지용",,,,
2013.02.28,북미 농구팀 경기 관람 및 미 NBA 전 선수일행과 담화,리설주,,,,
2013.02.27,핵실험 관련자들과 사진촬영,"김영남,최영림,최룡해,장성택,김경희,최태복,박도춘,김영춘,김양건,김영일,김평해,곽범기,문경덕,홍승무,조연준",,,,
2013.02.25,공훈국가합창단 공연 관람,"최룡해,현영철,김격식,김영춘,김정각,리영길,손철주,렴철성,조경철,윤동현,김영철,박정천,윤동희,김택구,박동학,림광일,최부일,오일정,김경옥,리재일,라청일,홍영칠",,,,
2013.02.25,포병화력타격훈련 지도,"최룡해,현영철,김격식,김영춘,리영길,손철주,렴철성,조경철,윤동현,김영철,박정천,윤동희,김택구,박동학,림광일,최부일,오일정,김경옥,리재일,라청일,홍영칠",,,,
2013.02.23,제630대연합부대 비행훈련과 항공육전병 강하훈련 지도,"최룡해,현영철,김격식,김영춘,리영길,손철주,조경철,윤동현,리병철,최경성,림광일,강기섭,손청남,로흥세,윤정린,최부일,황병서,라청일,홍영칠",,,,
2013.02.22,전군 당강습지도일꾼회의 참가자들과 기념촬영,"최룡해,리병삼,김경옥,황병서,손철주,렴철성",,,,
2013.02.21,제526대연합부대관하 군분대 공격전술연습 지도,"최룡해,현영철,김격식,리영길,손철주,렴철성,윤동현,방관복,윤동희,황병서,홍영칠",,,,
2013.02.21,조국해방전쟁승리기념관 건설장 방문,최룡해,,,,
2013.02.20,323군부대 방문,"최룡해,현영철,김영춘,황병서,라청일,홍영칠,박정천",,,,
2013.02.16,금수산기념궁전 방문,"리설주,최룡해,장성택,현영철,김격식,김경희,박도춘,김영춘,현철해,김원홍,김정각,주규창,김경옥,윤정린,최부일,리영길,손철주,렴철성,조경철,윤동현,강표영,리병철,김락겸,박정천,김춘삼,김영철,전창복",,,,
2013.02.16,김일성 김정일 동상 제막식 참석,"최영림,최룡해,장성택,현영철,김격식,김경희,김기남,김영춘,리용무,오극렬,현철해,김정각",,,,
2013.02.15,시계표창 수여식 참석,"김영남,최영림,최룡해,장성택,김경희,김기남,최태복,박도춘,김영춘,강석주,리용무,오극렬,김양건,김영일,김평해,곽범기,문경덕,주규창,조연준",,,,
2013.02.03,당중앙군사위 확대회의 참석,,,,,
2013.02.02,당 제4차 세포비서대회 참석자들과 기념촬영,"김영남,최영림,최룡해,장성택,김경희,김기남,최태복,박도춘,김영춘,오극렬,김양건,김영일,김평해,곽범기,문경덕,리병삼,조연준",,,,
2013.01.28,당 제4차 세포비서대회 참석,"김영남,최영림,최룡해,장성택,김경희,김기남,최태복,박도춘,김영춘,오극렬,김양건,김영일,김평해,곽범기,문경덕,리병삼,조연준,태종수",,,,
2013.01.26,국가안전 및 대외부문 일꾼협의회 지도,"최룡해,현영철,김원홍,박도춘,김영일,홍승무,김계관",,,,
2013.01.19,대성산종합병원 방문,"최영림,최룡해,박도춘,김경옥,리재일,박태성,황병서,마원춘,허환철,전창복",,,,
2013.01.01,금수산기념궁전 방문,"리설주,김영남,최영림,최룡해,장성택,현영철,김격식,김기남,최태복,박도춘,김영춘,양형섭,강석주,현철해,김원홍,리명수,김양건,김영일,김평해,곽범기,문경덕,주규창,김창섭,로두철,리병삼,조연준",,,,
2013.01.01,2013년 새해 신년사 발표,,,,,
2013.01.01,모란봉악단 공연 관람,"리설주,김영남,최영림,최룡해,장성택,현영철,김격식,김기남,최태복,박도춘,김영춘,양형섭,강석주,현철해,김원홍,리명수,김양건,김영일,김평해,곽범기,문경덕,주규창,김창섭,로두철,리병삼,조연준,최춘식",,,,
2012.12.31,미사일 발사 과학자 등과 연회 참석,"김영남,최영림,최룡해,장성택,현영철,김격식,김경희,김기남,최태복,박도춘,김영춘,강석주,현철해,김원홍,리명수,김양건,김영일,김평해,곽범기,문경덕,주규창,김창섭,로두철,리병삼,조연준",,,,
2012.12.30,미사일 발사 과학자 등과 기념사진 촬영,"김영남,최영림,최룡해,장성택,김경희,김기남,최태복,박도춘,김영춘,김양건,김영일,김평해,곽범기,문경덕,주규창,조연준,최춘식,리응원",,,,
2012.12.24,금수산기념궁전 방문,"최룡해,장성택,현영철,김격식,박도춘,김영춘,현철해,김원홍,리명수,주규창,김경옥,최부일,조경철,박정천,리병철,김영철,윤정린",,,,
2012.12.22,과학자들을 위한 연회 참석,"리설주,김영남,최영림,최룡해,장성택,현영철,김격식,김경희,김기남,최태복,박도춘,김영춘,강석주,현철해,김원홍,리명수,김양건,김영일,김평해,곽범기,문경덕,주규창,로두철,리병삼,조연준,최춘식",,,,
2012.12.17,금수산기념궁전 방문,"리설주,김영남,최영림,최룡해,장성택,현영철,김경희,김격식,박도춘,김영춘,김기남,최태복,양형섭,강석주,현철해,김원홍,리명수,김정각,김양건,김영일,김평해,문경덕,곽범기,주규창,로두철,리병삼,조연준,태종수,최춘식",,,,
2012.12.17,금수산기념궁전 개관식 진행,,,,,
2012.12.16,중앙추모대회 개최,"김영남,최영림,최룡해,장성택,현영철,리을설,김철만,김경희,김격식,박도춘,김국태,김영춘,김기남,최태복,양형섭,리용무,강석주,현철해,김원홍,리명수,김정각,오극렬,김양건,김영일,김평해,문경덕,곽범기,주규창,로두철,리병삼,조연준,태종수,최춘식,리선호,김영대,류미영,배익주,박구호,최은복,윤길상",,,,
2012.12.15,"미사일 발사 과학자, 기술자들 축하",,,,,
2012.12.13,미사일 발사 명령 및 발사과정 참관,"장성택,박도춘",,,,
2012.11.30,중국공산당 대표단 접견,"김기남,김양건,김성남",,,,
2012.11.26,전국분주소장회의 참가자들과 기념사진 촬영,"최룡해,장성택,김기남,리명수,리병삼",,,,
2012.11.19,국가안전보위부 방문,"최룡해,장성택",,,,
2012.11.19,제534군부대 직속 중대 훈련장 시찰,"최룡해,김경희,장성택,현영철,김기남,김격식,김양건,김평해,문경덕,박봉주,한광상,김경옥,리용하,황병서,김병호,최부일,손철주,박재경,박정천,김영철,전창복",,,,
2012.11.18,전국 어머니대회 참가자들과 기념사진 촬영,"김경희,장성택,김기남,박도춘,김양건,김영일,김평해,곽범기,문경덕,로두철,조연준,리영수,로성실,정희자,천재련,정일심",,,,
2012.11.07,각종 경기 관람,"리설주,최룡해,현영철,장성택,김기남,최태복,김양건,김평해,문경덕,리영수,박봉주,한광상",,,,
2012.11.03,류경원과 인민야외빙상장/롤러스케이트장 시찰,"장성택,김기남,최태복,김양건,리영수,김병호,량청송,박춘홍",,,,
2012.11.03,평양산원 유선종양연구소 시찰,"장성택,김기남,최태복,김양건,김병호,박춘홍",,,,
2012.10.29,김일성군사종합대학 교직원들과 기념사진 촬영,"최룡해,현영철,김정각,장성택,리용무,김영춘,현철해,김원홍,리명수,오극렬,주규창,려춘석",,,,
2012.10.29,인민체육대회 남자축구 결승경기 관람,"리설주,최룡해,현영철,김경희,장성택,김양건,김평해,주규창,문경덕",,,,
2012.10.29,모란봉악단공연 관람,"리설주,최룡해,현영철,장성택,현철해,김원홍,리명수,려춘석",,,,
2012.10.29,김일성 부자 동상 제막시 진행,"최룡해,현영철,김정각,장성택,김영춘,리용무,현철해,오극렬",,,,
2012.10.14,만경대/강반석혁명학원 창립 대회 참가자들과 기념사진 촬영,"최영림,최룡해,김경희,장성택,김영춘,현철해,오극렬,태종수,리병삼,오룡택,주순옥,리을설,황순희,김철만",,,,
2012.10.10,금수산기념궁전 방문,"최룡해,현영철,김경희,김정각,장성택,리용무,박도춘,현철해,김원홍,오극렬,최부일,김경옥,리병철,김명식,윤정린,박정천,김영철",,,,
2012.10.10,모란봉악단 공연 관람,"김경희,장성택,박도춘,김기남,현철해,김원홍,김평해,문경덕,조연준",,,,
2012.10.07,중앙보고대회 참석,"김영남,최영림,최룡해,현영철,김경희,김정각,장성택,박도춘,김국태,김기남,최태복,양형섭,리용무,강석주,현철해,김원홍,오극렬,김양건,김영일,김평해,문경덕,곽범기,주규창,김창섭,로두철,리병삼,조연준,김영대",,,,
2012.10.06,김정일 동상 참배,최룡해,,,,
2012.10.06,"만경대유희장, 대성산유희장 방문",최룡해,,,,
2012.09.25,최고인민회의 제6차회의 참석,"김영남,최영림,최룡해,현영철,김정각,장성택,박도춘,김국태,김기남,양형섭,강석주,리용무,현철해,김원홍,리명수,오극렬,김양건,김영일,김평해,문경덕,곽범기,주규창,김창섭,로두철,리병삼,조연준,태종수,김영대,류미영",,,,
2012.09.21,평양남새과학연구소와 평양화초연구소 현지지도,"장성택,김기남,리재일,리용하,박태성,김병호,박춘홍",,,,
2012.09.17,체조와 아리랑 관람,"최룡해,현영철,김정각,장성택,박도춘,김기남,최태복,양형섭,리용무,강석주,현철해,김원홍,오극렬,김양건,김영일,김평해,문경덕,주규창,김창섭,리병삼,조연준,김영대",,,,
2012.09.09,금수산기념궁전 방문,"최룡해,현영철,장성택,김정각,리용무,박도춘,현철해,김원홍,오극렬",,,,
2012.09.09,인민군 협주단 공연 관람,"최영림,최룡해,현영철,장성택,김기남,박도춘,김정각,양형섭,현철해,김원홍,김영일,김양건,문경덕,로두철",,,,
2012.09.07,평양민속공원 시찰,"리설주,최룡해,장성택,김정각,최태복,박도춘,김영일,김양건,김평해,문경덕,김경옥,박태성,황병서,김병호,마원춘",,,,
2012.09.07,통일거리운동센터 현지지도,"리설주,최룡해,김정각,김경옥,박태성,황병서,마원춘",,,,
2012.09.05,창전거리 살림집들에 입사한 근로자들 가정방문,리설주,,,,
2012.09.02,인민군 군악단 연주회 지도,"리설주,최룡해,현영철,장성택,최부일,박재경,김영철,박정천,황병서",,,,
2012.09.01,인민내무군 연주회 지도,"리설주,최룡해,김경희,장성택,김기남,김양건,김영일,문경덕,한광복,한광상,김경옥,리용하,박태성,김병호,마원춘",,,,
2012.09.01,대동강타일공장 현지지도,"최룡해,김경희,장성택,김기남,김양건,김영일,문경덕,한광복,한광상,김경옥,리용하,박태성,김병호,장수길,마원춘",,,,
2012.08.31,전자도서관 시찰,"최룡해,장성택,김기남,최태복,김영일,김양건,김평해,문경덕,백세봉,한광상,한광복,박태성,김병호,마원춘",,,,
2012.08.31,해맞이 식당 시찰,"리설주,최룡해,장성택,김기남,최태복,김양건,김영일,김평해,문경덕,한광복,한광상,김경옥,박태성,김병호",,,,
2012.08.30,은하수음악회 관람,"리설주,최룡해,현영철,김정각,현철해,전용남",,,,
2012.08.30,청년절경축행사 대표들과 기념사진 촬영,"최룡해,현영철,김경희,장성택,김기남,최태복,박도춘,리영수,전용남,김차돌,김영녀",,,,
2012.08.29,김일성 부자 동상 참배,"리설주,최룡해,현영철,김정각,황병서",,,,
2012.08.28,제318군부대 시찰,"김명국,황병서",,,,
2012.08.27,제313대연합부대 지휘부 및 관하 제894 군부대 방문,,,,,
2012.08.25,경축연회 참석,리설주,,,,
2012.08.25,모란봉악단 공연 관람,"리설주,최룡해,현영철,김경희,장성택,김정각,현철해,김원홍,리명수,오극렬,김창섭",,,,
2012.08.24,인민군 제4302군부대 관하 감나무중대 시찰,,,,,
2012.08.17,섬방어대들 시찰,"최룡해,김영철,박정천,안지용,황병서,김병호",,,,
2012.08.07,항공 및 반항공군 비행훈련 지도,"최룡해,현철해,황병서,김병호",,,,
2012.08.06,인민군 제552군부대 관하 군분대 시찰,"최룡해,현철해,전창복,황병서,김병호",,,,
2012.08.06,운곡지구종합목장 현지지도,"최룡해,현철해,김병호,황병서",,,,
2012.08.03,중국 공산당 대외연락부장 만찬 참석,"최룡해,장성택,강석주,김영일,김양건,문경덕,김병호,김성남,리수용",,,,
2012.08.03,중국 공산당 대외연락부장 접견,"강석주,김양건,김성남",,,,
2012.07.30,전쟁노병 대표들과 기념촬영,"김영남,최영림,최룡해,현영철,김정각,김경희,장성택,박도춘,김영춘,김국태,김기남,최태복,양형섭,리용무,현철해,김원홍,리명수,오극렬,주규창,리병삼,태종수,리을설,황순희,김철만",,,,
2012.07.30,모란봉악단공연 관람,"리설주,최룡해,김경희,장성택,박도춘,김영춘,김기남,최태복,김양건,김평해,곽범기,문경덕",,,,
2012.07.26,내무군협주단 공연 관람 및 기념촬영,"리설주,현영철,김경희,장성택,김영춘,김기남,김양건,김영일,김평해,문경덕,리병삼",,,,
2012.07.26,류경원과 인민야외빙상장 시찰,"김경희,장성택,량청송",,,,
2012.07.25,능라인민유원지 준공식 참석,"리설주,김영남,최영림,최룡해,김경희,김정각,장성택,김영춘,김기남,최태복,양형섭,강석주,김원홍,김양건,김영일,김평해,문경덕,곽범기,로두철,리병삼",,,,
2012.07.24,능라인민유원지 시찰,"장성택,최태복,박도춘,김영일,김양건,김평해,문경덕,리재일,김병호,박춘홍",,,,
2012.07.15,경상유치원 시찰,"장성택,리재일,박춘홍",,,,
2012.07.14,조선인민내무군 군인들과 기념사진 촬영,"최룡해,장성택,리명수,리병삼,박춘홍",,,,
2012.07.08,금수산기념궁전 방문,"최룡해,리영호,김정각,현철해,최부일,손철주,박재경,조경철,김영철,리병철",,,,
2012.07.08,「조국해방전쟁승리기념관」시찰,,,,,
2012.07.07,모란봉악단 공연 관람,"최룡해,장성택,김기남,현철해,김양건,김영일,김평해,최부일,김명국,김영철,조경철",,,,
2012.07.05,평양항공역사업 현지지도,,,,,
2012.07.02,아동백화점 현지지도,"장성택,박봉주,리재일,량청송",,,,
2012.07.02,평양양말공장 현지지도,"장성택,박봉주,리재일,량청송",,,,
2012.07.01,평양산원 유선종양연구소 현지지도,"장성택,박춘홍,마원춘",,,,
2012.07.01,능라인민유원지 현지지도,"장성택,박춘홍,마원춘",,,,
2012.06.07,조선소년단 창립 경축행사 대표들과 기념촬영,"김영남,최영림,최룡해,리영호,김경희,장성택,김기남,최태복,문경덕,리영수,전용남",,,,
2012.06.06,은하수음악회 관람,"김영남,최영림,최룡해,리영호",,,,
2012.06.06,전국연합단체대회 참석,"김영남,최영림,최룡해,리용무,김경희,장성택,김기남,최태복,리명수,문경덕,김용진,리영수,김승두",,,,
2012.05.30,"창전소학교, 경상탁아소, 경상유치원 현지지도","장성택,리재일,량청송,박춘홍",,,,
2012.05.30,아동백화점과살림집현지지도 ,"장성택,리재일,량청송",,,,
2012.05.27,중앙동물원 현지지도,"장성택,김양건,한광상,리재일,황병서,박춘홍,마원춘,전일춘",,,,
2012.05.25,창전거리 현지지도,"장성택,량청송,박춘홍,마원춘",,,,
2012.05.25,개선청년공원 유희장 시찰,"최룡해,장성택,황병서,박춘홍",,,,
2012.05.25,류경원과 인민야외빙상장건설사업 현지지도 ,"장성택,량청송,마원춘",,,,
2012.05.23,인민군 장병들과 기념사진 촬영,"최룡해,장성택,김경옥,황병서,조경철",,,,
2012.05.23,인민군 제1501군부대 시찰,"최룡해,장성택,주규창,김경옥,황병서,김영철",,,,
2012.05.19,인민군 연합부대 공연 관람,"최룡해,장성택,현철해,김경옥,황병서,권혁봉,손철주,박재경,조경철",,,,
2012.05.09,국토관리총동원운동 열성자대회 참가자들과 기념사진 촬영,"최영림,김정각,장성택,김기남,리명수,문경덕,로두철,리용하",,,,
2012.05.09,만경대유희장 방문,"최룡해,마원춘",,,,
2012.05.05,능라인민유원지 개발사업 재방문,"최룡해,리영호,장성택,현철해,박도춘,손철주,박재경,리재일,김명국,황병서",,,,
2012.05.03,항공 및 반항공군 지휘부 시찰,장성택,,,,
2012.05.02,은하수음악회 관람,"최룡해,김경희,장성택,박도춘,김기남,현철해,김평해,문경덕,곽범기",,,,
2012.05.01,허철용이 사업하는 기계공장 현지지도,"최룡해,장성택,현철해,박도춘,김평해,리재일,김명국,손철주,윤동현,황병서,강관일,박정천",,,,
2012.05.01,대관유리공장 현지지도,"최룡해,장성택,현철해,박도춘,김평해,리재일,김명국,손철주,윤동현,황병서,강관일,박정천",,,,
2012.04.30,능라인민유원지 현지지도,장성택,,,,
2012.04.29,인민군교예단 공연 관람,"최룡해,리영호,김정각,장성택,김영춘,현철해,최부일,김영철",,,,
2012.04.29,군사과학기술전람회 참석,"최룡해,리영호,김정각,장성택,김영춘,현철해,손철주,박재경,김영철,리재일,김명국,윤동현,전창복,박정천",,,,
2012.04.27,은하수음악회 관람,"최룡해,리영호,김경희,김정각,장성택,김영춘,김기남,박도춘,현철해,김양건,김경옥,김명국",,,,
2012.04.27,인민군 제655연합부대 종합전술훈련 지도,"최룡해,리영호,김정각,최부일,손철주,현철해,김원홍,리명수,박재경,리병철,김영철,윤정린,조경철,박정천,김경희,장성택,김영춘,김기남,양형섭,박도춘,강석주,김영일,김양건,김평해,문경덕,김창섭,리병삼,곽범기,오일정,김경옥,리재일,한광상,김명국",,,,
2012.04.26,군인건설자들과 기념사진 촬영,"최룡해,리영호,김정각,장성택,김영춘,김기남,박도춘,현철해,김원홍,리명수,주규창,김창섭,리병삼,최부일,손철주,박재경,김영철,조경철,윤동현,김수학,리재일",,,,
2012.04.26,공훈국가합창단 공연 관람,"김영남,최영림,최룡해,리영호,김경희,김정각,장성택,박도춘,김영춘,김국태,김기남,최태복,양형섭,강석주,현철해,김원홍,리명수,오극렬,김양건,김영일,김평해,문경덕,곽범기,주규창,김창섭,로두철,리병삼,조연준,김영대",,,,
2012.04.26,고기상점 준공식 참석,"김영남,최영림,최룡해,리영호,김경희,김정각,장성택,박도춘,김영춘,김기남,최태복,양형섭,강석주,현철해,김원홍,리명수,김양건,김평해,문경덕,곽범기,주규창,김창섭",,,,
2012.04.25,금수산기념궁전 방문,"김영남,최영림,최룡해,리영호,김경희,김정각,장성택,김영춘,김국태,김기남,최태복,박도춘,양형섭,강석주,현철해,김원홍,리명수,김양건,김영일,김평해,문경덕,주규창,곽범기,김창섭,리병삼,로두철,조연준",,,,
2012.04.25,중앙보고대회 참석,"김영남,최영림,최룡해,리영호,김기남",,,,
2012.04.20,열병식 참가자들과 기념사진 촬영,"김영남,최영림,최룡해,리영호,김정각,장성택,김영춘,김기남,박도춘,현철해,주규창,오일정,최부일,손철주,박재경,김영철,조경철,윤동현,심상대,박정천",,,,
2012.04.19,만수대창작사 일꾼 등과 기념사진 촬영,"김영남,최영림,최룡해,장성택,김기남,리재일,권혁봉",,,,
2012.04.17,금수산기념궁전 군무자들과 기념사진 촬영,"최룡해,리영호,김정각,장성택,현철해,김원홍",,,,
2012.04.17,당대표자회 참가자들･김일성생일 대표들과 사진촬영,"김영남,최영림,최룡해,리영호,김경희,김정각,장성택,김영춘,박도춘,김국태,김기남,최태복,양형섭,리용무,강석주,현철해,김원홍,리명수,리을설,황순희,김철만",,,,
2012.04.17,인민극장 군인건설자들 및 설계인들과 기념사진 촬영,"최룡해,장성택,현철해,김원홍",,,,
2012.04.15,금수산기념궁전 방문,"김영남,최영림,최룡해,리영호,김경희,김정각,장성택,박도춘,김영춘,김국태,김기남,최태복,양형섭,리용무,강석주,현철해,김원홍,리명수,김양건,김영일,태종수,김평해,문경덕,주규창,곽범기,김창섭,리병삼,로두철,조연준",,,,
2012.04.15,김일성 생일 100돌 축포야회 참석,"최룡해,리영호,김정각,리용무,김영남,최영림,최태복,양형섭,김영춘,장성택,김기남",,,,
2012.04.15,김일성 생일 100돌 기념 열병식,"김영남,최영림,최룡해,리영호,김경희,김정각,장성택,박도춘,김영춘,김국태,김기남,최태복,양형섭,리용무,강석주,현철해,김원홍,리명수,오극렬,김양건,김영일,태종수,김평해,문경덕,주규창,곽범기,김창섭,리병삼,로두철,조연준,남승우,최은복",,,,
2012.04.15,인민군 무장장비관 개관식 참석,"김영남,최영림,최룡해,리영호,김경희,김정각,장성택,박도춘,김영춘,김국태,김기남,리용무,김원홍,오극렬",,,,
2012.04.14,중앙보고대회 참석,"김영남,최영림,최룡해,리영호,김경희,김정각,장성택,박도춘,김영춘,김국태,김기남,최태복,양형섭,강석주,리용무,현철해,김원홍,리명수,오극렬,김양건,김영일,태종수,김평해,문경덕,곽범기,김창섭,로두철,리병삼,조연준,김영대,류미영,남승우,최은복",,,,
2012.04.13,제12기 제5차 최고인민회의 참석,,,,,
2012.04.13,김일성 김정일 동상 제막식 참석,"김영남,최룡해,최태복,최영림,리영호,장성택",,,,
2012.04.11,금수산기념궁전 방문,,,,,
2012.04.11,제4차 당대표자회 참석,,,,,
2012.04.10,국가산업미술전시회장 참관,"리재일,박봉주",,,,
2012.04.10,인민극장 현지지도,,,,,
2012.04.05,해군 제155군부대 방문,"김원홍,현철해,리두성,리종무",,,,
2012.04.04,여도방어대 시찰,"김원홍,현철해,리두성,리종무",,,,
2012.03.25,금수산기념궁전 방문,,,,,
2012.03.25,김정일 사망 100일 중앙추모대회 참석,,,,,
2012.03.14,인민군 육해공군 합동타격훈련 지도,"리영호,김영춘,김정각,김명국,김원홍,박재경,정명도,리병철,김영철,김기남,최태복,김경희,강석주,장성택,박도춘,최룡해,김영일,김양건,태종수,김평해,문경덕,주규창,우동측,김창섭",,,,
2012.03.09,해군 제123군부대 방문,"리영호,김영춘,김원홍,박재경,김영철,조경철,윤동현,장성택,박도춘,리재일,황병서",,,,
2012.03.09,초도방어대 시찰,"리영호,김영춘,김원홍,박재경,김영철,조경철,윤동현,장성택,박도춘,리재일,황병서",,,,
2012.03.08,은하수음악회 관람,"최영림,리영호,김경희,김국태,김기남,장성택,김정각",,,,
2012.03.03,판문점 시찰,"박재경,김영철,조경철,김기남,강석주,장성택,김양건,박도춘,최룡해,문경덕,황병서",,,,
2012.03.02,인민군 전략로케트사령부 시찰,"리영호,박재경,리재일,황병서",,,,
2012.02.25,인민군 제4군단사령부 관하 군부대 시찰,"김명국,김원홍,박재경,황병서,김춘삼",,,,
2012.02.24,은하수 음악회 관람,"리영호,김기남,최태복,강석주,장성택,김양건,박도춘,최룡해,태종수,김평해,우동측",,,,
2012.02.22,총탄공장 현지지도,장성택,,,,
2012.02.21,인민군 제842군부대 시찰,"박재경,리두성",,,,
2012.02.17,은하수음악회 관람,"최영림,리영호,김경희,김기남,최태복,장성택,김정각,우동측",,,,
2012.02.16,금수산기념궁전 방문,"김영남,최영림,리영호,김경희,김영춘,김기남,최태복,양형섭,강석주,장성택,김정각,김양건,김영일,박도춘,최룡해,태종수,김평해,문경덕,주규창,우동측,김창섭",,,,
2012.02.16,중앙보고대회 참석,"김영남,최영림,리영호,김경희,김영춘,전병호,김국태,최태복,양형섭,리용무,오극렬,강석주,장성택,김정각,김양건,김영일,박도춘,최룡해,태종수,김평해,문경덕,김락희,주규창,우동측,김창섭,김영대,김기남",,,,
2012.02.16,김정일 70회 생일 기념대공연 참석,"김영남,최영림,리영호",,,,
2012.02.16,김정은 최고사령관 충성맹세 예식행사 참석,"김영남,최영림,리영호,김경희,김영춘,김기남,최태복,양형섭,강석주,장성택,김정각,김양건,김영일,박도춘,최룡해,태종수,김평해,문경덕,주규창,우동측,김창섭",,,,
2012.02.07,인민군 제324대연합부대 및 관하 군부대 시찰,"리영호,김영춘,김명국,박재경,로흥세,리두성",,,,
2012.02.06,해군 제597연합부대 및 관하 군부대 시찰,,,,,
2012.01.30,공군 제1017군부대 방문,,,,,
2012.01.28,인민군 군악단연주회 관람,"리영호,김영춘,김기남,최태복,강석주,장성택,박도춘,우동측",,,,
2012.01.27,서부지구 항공구락부 모범경기 관람,"장성택,박도춘,김명국,김원홍,박재경",,,,
2012.01.27,공군 제378군부대 방문,"장성택,박도춘,김명국,박재경",,,,
2012.01.25,만경대혁명학원 방문,"김영춘,박재경,현철해,리재일,황병서",,,,
2012.01.22,인민군 제671군부대 방문,"장성택,김명국,김원홍,리두성",,,,
2012.01.22,허철용이 사업하는 기계공장 현지지도,"장성택,박도춘,김명국,김원홍,박재경,리두성",,,,
2012.01.20,공군 제354군부대 방문,"김명국,김원홍,리두성",,,,
2012.01.20,인민군 제3870군부대 방문,"김명국,김원홍,리두성",,,,
2012.01.18,인민군 제169군부대 방문,"리영호,김명국,김원홍,박재경,리두성",,,,
2012.01.15,음악무용종합공연 관람,"리영호,김영춘,장성택,김정각,김명국,박재경",,,,
2012.01.11,인민군 군인들이 맡고 있는 여러 건설대상 시찰,,,,,
2012.01.02,은하수음악회 관람,"김영남,최영림,리영호,김영춘,김국태,김기남,최태복,양형섭,리용무,오극렬,강석주,변영립,장성택,김정각,김양건,김영일,박도춘,최룡해,김락희,태종수,김평해,문경덕,주규창,우동측,김창섭",,,,
2012.01.01,금수산기념궁전 방문,"김영남,최영림,리영호,김경희,김영춘,김기남,최태복,양형섭,강석주,장성택,김정각,김양건,김영일,박도춘,최룡해,태종수,김평해,문경덕,주규창,우동측,김창섭",,,,
2012.01.01,서울류경수 탱크사단 방문,"리영호,장성택,김정각,황병서,박재경,현철해",,,,
,,,,,,
